path,act.lumi(fb-1),eff.lumi(fb-1),first_run,last_run,menu_version,dataset,year
HLT_QuadJet45_DoubleBTagCSV_p087_v,35.89455120366069,1.2448128674576482,272760,284044,,BTagCSV,2016
HLT_QuadPFJet_BTagCSV_p016_p11_VBF_Mqq200_v,24.885970005698287,24.885970005698287,272760,284044,,BTagCSV,2016
HLT_QuadPFJet_BTagCSV_p016_VBF_Mqq460_v,24.885970005698287,24.885970005698287,272760,284044,,BTagCSV,2016
HLT_QuadPFJet_BTagCSV_p016_VBF_Mqq460_v,24.885970005698287,24.885970005698287,272760,284044,,BTagCSV,2016
HLT_QuadPFJet_BTagCSV_p016_p11_VBF_Mqq240_v,35.89455120366069,35.89455120366069,272760,284044,,BTagCSV,2016
HLT_QuadPFJet_BTagCSV_p016_p11_VBF_Mqq240_v,35.89455120366069,35.89455120366069,272760,284044,,BTagCSV,2016
HLT_QuadPFJet_BTagCSV_p016_VBF_Mqq500_v,35.89455120366069,35.89455120366069,272760,284044,,BTagCSV,2016
HLT_QuadJet45_TripleBTagCSV_p087_v,35.89455120366069,35.89455120366069,272760,284044,,BTagCSV,2016
HLT_DoubleJet90_Double30_TripleBTagCSV_p087_v,35.89455120366069,35.89455120366069,272760,284044,,BTagCSV,2016
HLT_DoubleJet90_Double30_DoubleBTagCSV_p087_v,35.89455120366069,0.9946061278267271,272760,284044,,BTagCSV,2016
HLT_DoubleJetsC100_DoubleBTagCSV_p026_DoublePFJetsC160_v,35.700401818779696,35.700401818779696,272760,284044,,BTagCSV,2016
HLT_DoubleJetsC100_DoubleBTagCSV_p014_DoublePFJetsC100MaxDeta1p6_v,35.700401818779696,35.700401818779696,272760,284044,,BTagCSV,2016
HLT_DoubleJetsC112_DoubleBTagCSV_p026_DoublePFJetsC172_v,35.89455120366069,35.89455120366069,272760,284044,,BTagCSV,2016
HLT_Rsq0p02_MR450_TriPFJet80_60_40_DoubleBTagCSV_p063_Mbb60_200_v,14.73666848053387,14.73666848053387,278273,284044,,BTagCSV,2016
HLT_DoubleJetsC112_DoubleBTagCSV_p014_DoublePFJetsC112MaxDeta1p6_v,35.89455120366069,35.89455120366069,272760,284044,,BTagCSV,2016
HLT_DoubleJetsC100_SingleBTagCSV_p026_v,35.700401818779696,0.8648318809169863,272760,284044,,BTagCSV,2016
HLT_Rsq0p02_MR400_TriPFJet80_60_40_DoubleBTagCSV_p063_Mbb60_200_v,14.73666848053387,14.73666848053387,278273,284044,,BTagCSV,2016
HLT_DoubleJetsC100_SingleBTagCSV_p026_SinglePFJetC350_v,35.700401818779696,18.771301860722595,272760,284044,,BTagCSV,2016
HLT_Rsq0p02_MR550_TriPFJet80_60_40_DoubleBTagCSV_p063_Mbb60_200_v,8.711033478394866,8.711033478394866,281613,284044,,BTagCSV,2016
HLT_Rsq0p02_MR500_TriPFJet80_60_40_DoubleBTagCSV_p063_Mbb60_200_v,7.038237928890834,7.038237928890834,281613,284044,,BTagCSV,2016
HLT_DoubleJetsC100_SingleBTagCSV_p014_v,35.700401818779696,0.881060905317417,272760,284044,,BTagCSV,2016
HLT_Rsq0p02_MR300_TriPFJet80_60_40_DoubleBTagCSV_p063_Mbb60_200_v,17.48912994645474,17.48912994645474,272760,278240,,BTagCSV,2016
HLT_QuadPFJet_BTagCSV_p016_p11_VBF_Mqq200_v,24.885970005698287,24.885970005698287,272760,284044,,BTagCSV,2016
HLT_DoubleJetsC100_SingleBTagCSV_p014_SinglePFJetC350_v,35.700401818779696,19.965597672288226,272760,284044,,BTagCSV,2016
HLT_Rsq0p02_MR300_TriPFJet80_60_40_BTagCSV_p063_p20_Mbb60_200_v,4.010870156913902,4.010870156913902,272760,278240,,BTagCSV,2016
HLT_BTagMu_DiJet70_Mu5_v,35.89455120366069,0.9356849345404669,272760,284044,,BTagMu,2016
HLT_BTagMu_AK8Jet300_Mu5_v,28.176582645069534,28.176582645069534,276282,284044,,BTagMu,2016
HLT_BTagMu_Jet300_Mu5_v,35.89455120366069,35.89455120366069,272760,284044,,BTagMu,2016
HLT_BTagMu_DiJet110_Mu5_v,35.89455120366069,3.934538262089038,272760,284044,,BTagMu,2016
HLT_BTagMu_DiJet40_Mu5_v,35.89455120366069,0.2333239922322517,272760,284044,,BTagMu,2016
HLT_BTagMu_DiJet20_Mu5_v,35.89455120366069,0.08059938368226402,272760,284044,,BTagMu,2016
HLT_BTagMu_DiJet170_Mu5_v,28.176582645069534,19.314920792556666,276282,284044,,BTagMu,2016
HLT_Dimuon20_Jpsi_v,35.77465412266069,35.77465412266069,272760,284044,,Charmonium,2016
HLT_Dimuon6_Jpsi_NoVertexing_v,35.89455120366069,0.17348363220711205,272760,284044,,Charmonium,2016
HLT_Mu7p5_Track7_Jpsi_v,35.89455120366069,0.29983070944054613,272760,284044,,Charmonium,2016
HLT_Dimuon13_PsiPrime_v,35.77465412266069,35.77465412266069,272760,284044,,Charmonium,2016
HLT_Mu7p5_Track2_Jpsi_v,35.89455120366069,0.3011283744688577,272760,284044,,Charmonium,2016
HLT_Mu7p5_L2Mu2_Jpsi_v,35.89455120366069,0.17348363220711205,272760,284044,,Charmonium,2016
HLT_DoubleMu4_JpsiTrk_Displaced_v,35.77465412266069,35.77465412266069,272760,284044,,Charmonium,2016
HLT_DoubleMu4_3_Jpsi_Displaced_v,35.77465412266069,17.036842509895553,272760,284044,,Charmonium,2016
HLT_DoubleMu4_3_Bs_v,35.77465412266069,35.77465412266069,272760,284044,,Charmonium,2016
HLT_Mu7p5_Track3p5_Jpsi_v,35.89455120366069,0.29983070944054613,272760,284044,,Charmonium,2016
HLT_DoubleMu4_PsiPrimeTrk_Displaced_v,35.77465412266069,35.77465412266069,272760,284044,,Charmonium,2016
HLT_Dimuon0er16_Jpsi_NoVertexing_v,16.989539009224984,0.641057218343651,272760,281616,,Charmonium,2016
HLT_Dimuon0er16_Jpsi_NoOS_NoVertexing_v,35.89455120366069,0.7788797732755431,272760,284044,,Charmonium,2016
HLT_Dimuon0_Jpsi_Muon_v,35.89345088366069,35.89345088366069,272760,284044,,Charmonium,2016
HLT_Dimuon16_Jpsi_v,24.885970005698287,24.885970005698287,272760,284044,,Charmonium,2016
HLT_Dimuon10_Jpsi_Barrel_v,15.552999767984986,4.539514941928044,272760,281616,,Charmonium,2016
HLT_Dimuon8_PsiPrime_Barrel_v,24.885970005698287,24.885970005698287,272760,284044,,Charmonium,2016
HLT_QuadMuon0_Dimuon0_Jpsi_v,35.89455120366069,35.89455120366069,272760,284044,,Charmonium,2016
HLT_L1FatEvents_v,35.89764412666069,0.9224760765774234,271036,284044,,Commissioning,2016
HLT_L1SingleMuOpen_DT_v,0,0,272760,281616,,Commissioning,2016
HLT_HcalIsolatedbunch_v,19.466116235063947,11.626186104508543,277932,284044,,Commissioning,2016
HLT_IsoTrackHE_v,35.89455120366069,0.07466596625544117,272760,284044,,Commissioning,2016
HLT_IsoTrackHB_v,35.89455120366069,0.06046918494176201,272760,284044,,Commissioning,2016
HLT_L1BptxXOR_v,5.58339708762897,0.0004220573805751738,272774,281616,,Commissioning,2016
HLT_L1BeamGasPlus_v,0.061886857659599996,0.006188685765960004,272774,281616,,Commissioning,2016
HLT_L1BeamGasMinus_v,0.061886857659599996,0.006188685765960004,272774,281616,,Commissioning,2016
HLT_DiSC30_18_EIso_AND_HE_Mass70_v,35.89455120366069,0.48449886545573606,272760,284044,,Commissioning,2016
HLT_VBF_DisplacedJet40_TightID_DisplacedTrack_v,24.885970005698287,24.885970005698287,272760,284044,,DisplacedJet,2016
HLT_HT550_DisplacedDijet40_Inclusive_v,8.835493593991147,8.835493593991147,272760,281616,,DisplacedJet,2016
HLT_HT750_DisplacedDijet80_Inclusive_v,35.89455120366069,35.89455120366069,272760,284044,,DisplacedJet,2016
HLT_HT650_DisplacedDijet80_Inclusive_v,35.89455120366069,35.89455120366069,272760,284044,,DisplacedJet,2016
HLT_HT350_DisplacedDijet80_Tight_DisplacedTrack_v,35.89455120366069,35.89455120366069,272760,284044,,DisplacedJet,2016
HLT_VBF_DisplacedJet40_DisplacedTrack_v,35.89455120366069,35.89455120366069,272760,284044,,DisplacedJet,2016
HLT_HT350_DisplacedDijet40_DisplacedTrack_v,35.89455120366069,35.89455120366069,272760,284044,,DisplacedJet,2016
HLT_HT350_DisplacedDijet40_Inclusive_v,35.89455120366069,0.4459547232670422,272760,284044,,DisplacedJet,2016
HLT_VBF_DisplacedJet40_VVTightID_Hadronic_v,33.340100456513795,33.340100456513795,272760,284044,,DisplacedJet,2016
HLT_VBF_DisplacedJet40_Hadronic_v,17.48912994645474,17.48912994645474,272760,281616,,DisplacedJet,2016
HLT_VBF_DisplacedJet40_TightID_Hadronic_v,24.885970005698287,24.885970005698287,272760,284044,,DisplacedJet,2016
HLT_VBF_DisplacedJet40_VTightID_Hadronic_v,33.340100456513795,33.340100456513795,272760,284044,,DisplacedJet,2016
HLT_VBF_DisplacedJet40_VTightID_DisplacedTrack_v,33.340100456513795,33.340100456513795,272760,284044,,DisplacedJet,2016
HLT_VBF_DisplacedJet40_VVTightID_DisplacedTrack_v,33.340100456513795,33.340100456513795,272760,284044,,DisplacedJet,2016
HLT_HT200_v,35.89455120366069,0.0072639366573654645,272760,284044,,DisplacedJet,2016
HLT_HT350_DisplacedDijet80_DisplacedTrack_v,35.89455120366069,35.89455120366069,272760,284044,,DisplacedJet,2016
HLT_HT275_v,35.89455120366069,0.014774170644726066,272760,284044,,DisplacedJet,2016
HLT_HT325_v,35.89455120366069,0.027110007933726726,272760,284044,,DisplacedJet,2016
HLT_HT425_v,35.89455120366069,0.08266094487311938,272760,284044,,DisplacedJet,2016
HLT_HT575_v,35.89455120366069,0.36214108973045345,272760,284044,,DisplacedJet,2016
HLT_HT250_DisplacedDijet40_DisplacedTrack_v,35.89455120366069,21.43265702773097,272760,284044,,DisplacedJet,2016
HLT_HT400_DisplacedDijet40_Inclusive_v,9.16417654489115,6.818345523603571,272760,281616,,DisplacedJet,2016
HLT_VBF_DisplacedJet40_DisplacedTrack_2TrackIP2DSig5_v,35.89455120366069,35.89455120366069,272760,284044,,DisplacedJet,2016
HLT_HT200_DisplacedDijet40_DisplacedTrack_v,9.16417654489115,0.4582088272445574,272760,281616,,DisplacedJet,2016
HLT_VBF_DisplacedJet40_Hadronic_2PromptTrack_v,17.48912994645474,17.48912994645474,272760,281616,,DisplacedJet,2016
HLT_HT500_DisplacedDijet40_Inclusive_v,9.16417654489115,8.014799102061156,272760,281616,,DisplacedJet,2016
HLT_HT550_DisplacedDijet80_Inclusive_v,23.046100798604943,1.8930810447861255,276870,284044,,DisplacedJet,2016
HLT_DoublePhoton85_v,35.89455120366069,35.89455120366069,272760,284044,,DoubleEG,2016
HLT_Ele12_CaloIdL_TrackIdL_IsoVL_v,35.89455120366069,0.005939913892949914,272760,284044,,DoubleEG,2016
HLT_Ele23_CaloIdL_TrackIdL_IsoVL_v,34.4033522666534,0.016361452967240085,272760,284044,,DoubleEG,2016
HLT_Ele17_CaloIdL_TrackIdL_IsoVL_v,35.89455120366069,0.028152716754317658,272760,284044,,DoubleEG,2016
HLT_Ele17_CaloIdL_GsfTrkIdVL_v,35.89455120366069,0.024909450200720346,272760,284044,,DoubleEG,2016
HLT_Ele17_CaloIdL_TrackIdL_IsoVL_PFJet30_v,35.89455120366069,0.056127682586944075,272760,284044,,DoubleEG,2016
HLT_Ele8_CaloIdL_TrackIdL_IsoVL_PFJet30_v,35.89455120366069,0.006918979474721217,272760,284044,,DoubleEG,2016
HLT_Ele17_Ele12_CaloIdL_TrackIdL_IsoVL_v,35.89455120366069,2.048773285311949,272760,284044,,DoubleEG,2016
HLT_DoubleEle33_CaloIdL_GsfTrkIdVL_MW_v,35.89455120366069,35.89455120366069,272760,284044,,DoubleEG,2016
HLT_DoubleEle33_CaloIdL_GsfTrkIdVL_MW_v,35.89455120366069,35.89455120366069,272760,284044,,DoubleEG,2016
HLT_DoubleEle24_22_eta2p1_WPLoose_Gsf_v,35.89455120366069,35.89455120366069,272760,284044,,DoubleEG,2016
HLT_Ele23_Ele12_CaloIdL_TrackIdL_IsoVL_v,35.89455120366069,5.764448041414781,272760,284044,,DoubleEG,2016
HLT_ECALHT800_v,35.89455120366069,35.89455120366069,272760,284044,,DoubleEG,2016
HLT_Ele23_Ele12_CaloIdL_TrackIdL_IsoVL_DZ_L1JetTauSeeded_v,31.26861806603172,31.26861806603172,275319,284044,,DoubleEG,2016
HLT_Ele16_Ele12_Ele8_CaloIdL_TrackIdL_v,35.89455120366069,35.89455120366069,272760,284044,,DoubleEG,2016
HLT_Ele17_Ele12_CaloIdL_TrackIdL_IsoVL_DZ_v,24.885970005698287,24.885970005698287,272760,284044,,DoubleEG,2016
HLT_Ele23_Ele12_CaloIdL_TrackIdL_IsoVL_DZ_v,35.89455120366069,35.89455120366069,272760,284044,,DoubleEG,2016
HLT_Ele30WP60_Ele8_Mass55_v,7.7179685585911475,7.7179685585911475,272760,281616,,DoubleEG,2016
HLT_Ele30WP60_SC4_Mass55_v,7.7179685585911475,5.765422080747617,272760,281616,,DoubleEG,2016
HLT_DoublePhoton60_v,35.89455120366069,35.89455120366069,272760,284044,,DoubleEG,2016
HLT_Photon26_R9Id85_OR_CaloId24b40e_Iso50T80L_Photon16_AND_HE10_R9Id65_Eta2_Mass60_v,35.89455120366069,0.12419406810517011,272760,284044,,DoubleEG,2016
HLT_Photon36_R9Id85_OR_CaloId24b40e_Iso50T80L_Photon22_AND_HE10_R9Id65_Eta2_Mass15_v,35.89455120366069,18.595462817674214,272760,284044,,DoubleEG,2016
HLT_Photon42_R9Id85_OR_CaloId24b40e_Iso50T80L_Photon25_AND_HE10_R9Id65_Eta2_Mass15_v,35.89455120366069,35.89455120366069,272760,284044,,DoubleEG,2016
HLT_Ele23_CaloIdM_TrackIdM_PFJet30_v,35.89455120366069,0.06029540222754905,272760,284044,,DoubleEG,2016
HLT_DoubleEle8_CaloIdM_TrackIdM_Mass8_PFHT250_v,9.727221102991148,9.727221102991148,272760,281616,,DoubleEG,2016
HLT_DoubleEle33_CaloIdL_MW_v,35.89455120366069,25.0084545374908,272760,284044,,DoubleEG,2016
HLT_DoubleEle37_Ele27_CaloIdL_GsfTrkIdVL_v,35.89455120366069,35.89455120366069,272760,284044,,DoubleEG,2016
HLT_Ele12_CaloIdL_TrackIdL_IsoVL_PFJet30_v,35.89455120366069,0.014491267866590298,272760,284044,,DoubleEG,2016
HLT_Ele23_CaloIdL_TrackIdL_IsoVL_PFJet30_v,35.89455120366069,0.06032386238754904,272760,284044,,DoubleEG,2016
HLT_Ele23_Ele12_CaloIdL_TrackIdL_IsoVL_DZ_v,35.89455120366069,35.89455120366069,272760,284044,,DoubleEG,2016
HLT_Ele23_Ele12_CaloIdL_TrackIdL_IsoVL_DZ_v,35.89455120366069,35.89455120366069,272760,284044,,DoubleEG,2016
HLT_DoubleEle33_CaloIdL_v,35.566781442760686,8.8896584041776,272760,284044,,DoubleEG,2016
HLT_Diphoton30_18_R9Id_OR_IsoCaloId_AND_HE_R9Id_Mass90_v,35.89455120366069,35.89455120366069,272760,284044,,DoubleEG,2016
HLT_DoubleEle33_CaloIdL_GsfTrkIdVL_v,20.040107054650935,20.040107054650935,272760,281616,,DoubleEG,2016
HLT_Ele10_CaloIdM_TrackIdM_CentralPFJet30_BTagCSV_p13_v,35.89455120366069,0.44036360557884874,272760,284044,,DoubleEG,2016
HLT_DoublePhoton85_v,35.89455120366069,35.89455120366069,272760,284044,,DoubleEG,2016
HLT_Ele27_HighEta_Ele20_Mass55_v,35.89455120366069,35.89455120366069,272760,284044,,DoubleEG,2016
HLT_Diphoton30EB_18EB_R9Id_OR_IsoCaloId_AND_HE_R9Id_DoublePixelVeto_Mass55_v,35.89455120366069,35.89455120366069,272760,284044,,DoubleEG,2016
HLT_Diphoton30_18_Solid_R9Id_AND_IsoCaloId_AND_HE_R9Id_Mass55_v,35.89455120366069,19.164585693399594,272760,284044,,DoubleEG,2016
HLT_Ele8_CaloIdM_TrackIdM_PFJet30_v,35.89455120366069,0.006918979474721217,272760,284044,,DoubleEG,2016
HLT_Diphoton30PV_18PV_R9Id_AND_IsoCaloId_AND_HE_R9Id_DoublePixelVeto_Mass55_v,35.89455120366069,35.89455120366069,272760,284044,,DoubleEG,2016
HLT_Diphoton30_18_R9Id_OR_IsoCaloId_AND_HE_R9Id_DoublePixelSeedMatch_Mass70_v,35.89455120366069,35.89455120366069,272760,284044,,DoubleEG,2016
HLT_Ele12_CaloIdM_TrackIdM_PFJet30_v,35.89455120366069,0.01737251814961308,272760,284044,,DoubleEG,2016
HLT_Ele17_CaloIdM_TrackIdM_PFJet30_v,35.89455120366069,0.06029540222754905,272760,284044,,DoubleEG,2016
HLT_DoubleEle8_CaloIdM_TrackIdM_Mass8_PFHT300_v,35.89455120366069,35.89455120366069,272760,284044,,DoubleEG,2016
HLT_Mu17_Mu8_v,35.89455120366069,0.9880182518084618,272760,284044,,DoubleMuon,2016
HLT_Mu17_Mu8_SameSign_DZ_v,35.89455120366069,35.89455120366069,272760,284044,,DoubleMuon,2016
HLT_Mu20_Mu10_v,35.89455120366069,2.2355062816433238,272760,284044,,DoubleMuon,2016
HLT_Mu20_Mu10_DZ_v,35.89455120366069,2.2355062816433238,272760,284044,,DoubleMuon,2016
HLT_Mu20_Mu10_SameSign_DZ_v,35.89455120366069,35.89455120366069,272760,284044,,DoubleMuon,2016
HLT_Mu17_Mu8_DZ_v,35.89455120366069,0.9852775396362723,272760,284044,,DoubleMuon,2016
HLT_DoubleMu28NoFiltersNoVtxDisplaced_v,35.89455120366069,35.89455120366069,272760,284044,,DoubleMuon,2016
HLT_TripleMu_5_3_3_v,24.629066978118928,7.9403337569941925,274954,281616,,DoubleMuon,2016
HLT_Mu17_TrkIsoVVL_v,35.89455120366069,0.2099922803501962,272760,284044,,DoubleMuon,2016
HLT_Mu20_Mu10_SameSign_v,33.340100456513795,25.022501967486225,274954,284044,,DoubleMuon,2016
HLT_TkMu17_TrkIsoVVL_TkMu8_TrkIsoVVL_v,8.711033478394866,0.38845667524512373,281613,284044,,DoubleMuon,2016
HLT_Mu8_TrkIsoVVL_v,35.89455120366069,0.006716530102416909,272760,284044,,DoubleMuon,2016
HLT_DoubleMu8_Mass8_PFHT250_v,9.727221102991148,9.727221102991148,272760,281616,,DoubleMuon,2016
HLT_TkMu17_TrkIsoVVL_TkMu8_TrkIsoVVL_DZ_v,8.711033478394866,8.711033478394866,281613,284044,,DoubleMuon,2016
HLT_Mu17_Mu8_SameSign_v,33.340100456513795,24.821831671926887,274954,284044,,DoubleMuon,2016
HLT_TripleMu_5_3_3_DZ_Mass3p8_v,8.711033478394866,8.711033478394866,281613,284044,,DoubleMuon,2016
HLT_DoubleMu8_Mass8_PFHT300_v,35.89455120366069,35.89455120366069,272760,284044,,DoubleMuon,2016
HLT_TrkMu15_DoubleTrkMu5NoFiltersNoVtx_v,35.89455120366069,35.89455120366069,272760,284044,,DoubleMuon,2016
HLT_DoubleMu0_v,8.711033478394866,0.0055812063003238535,281613,284044,,DoubleMuon,2016
HLT_TrkMu17_DoubleTrkMu8NoFiltersNoVtx_v,35.89455120366069,35.89455120366069,272760,284044,,DoubleMuon,2016
HLT_DoubleMu23NoFiltersNoVtxDisplaced_v,35.89455120366069,35.89455120366069,272760,284044,,DoubleMuon,2016
HLT_Mu17_TrkIsoVVL_Mu8_TrkIsoVVL_DZ_v,35.89455120366069,35.89455120366069,272760,284044,,DoubleMuon,2016
HLT_Mu17_TrkIsoVVL_Mu8_TrkIsoVVL_v,35.89455120366069,27.571974400510605,272760,284044,,DoubleMuon,2016
HLT_Mu27_TkMu8_v,35.89455120366069,25.068362563341587,272760,284044,,DoubleMuon,2016
HLT_Mu30_TkMu11_v,35.89455120366069,35.89455120366069,272760,284044,,DoubleMuon,2016
HLT_TripleMu_12_10_5_v,35.89455120366069,35.89455120366069,272760,284044,,DoubleMuon,2016
HLT_Mu17_TkMu8_DZ_v,35.89455120366069,0.9852775396362723,272760,284044,,DoubleMuon,2016
HLT_Mu40_TkMu11_v,35.89455120366069,35.89455120366069,272760,284044,,DoubleMuon,2016
HLT_Mu40_TkMu11_v,35.89455120366069,35.89455120366069,272760,284044,,DoubleMuon,2016
HLT_DoubleMu38NoFiltersNoVtx_v,35.89455120366069,35.89455120366069,272760,284044,,DoubleMuon,2016
HLT_DoubleMu33NoFiltersNoVtx_v,35.89455120366069,35.89455120366069,272760,284044,,DoubleMuon,2016
HLT_Mu10_CentralPFJet30_BTagCSV_p13_v,35.89455120366069,0.7906921533264518,272760,284044,,DoubleMuon,2016
HLT_Mu17_TrkIsoVVL_TkMu8_TrkIsoVVL_DZ_v,35.89455120366069,35.89455120366069,272760,284044,,DoubleMuon,2016
HLT_Mu17_TrkIsoVVL_TkMu8_TrkIsoVVL_v,35.89455120366069,27.571974400510605,272760,284044,,DoubleMuon,2016
HLT_L2DoubleMu28_NoVertex_2Cha_Angle2p5_Mass10_v,35.89455120366069,35.89455120366069,272760,284044,,DoubleMuon,2016
HLT_Mu8_v,35.89455120366069,0.0033366036529384807,272760,284044,,DoubleMuon,2016
HLT_DoubleMu18NoFiltersNoVtx_v,35.89455120366069,0.9792482008628851,272760,284044,,DoubleMuon,2016
HLT_Mu17_v,35.89455120366069,0.2669481255524655,272760,284044,,DoubleMuon,2016
HLT_Mu3_PFJet40_v,35.89455120366069,0.019615614101182885,272760,284044,,DoubleMuon,2016
HLT_L2DoubleMu38_NoVertex_2Cha_Angle2p5_Mass10_v,35.89455120366069,35.89455120366069,272760,284044,,DoubleMuon,2016
HLT_L2DoubleMu23_NoVertex_v,35.89455120366069,0.9456488380339683,272760,284044,,DoubleMuon,2016
HLT_DoubleMu4_LowMassNonResonantTrk_Displaced_v,35.77465412266069,35.77465412266069,272760,284044,,DoubleMuonLowMass,2016
HLT_DoubleMu3_Trk_Tau3mu_v,33.340100456513795,33.340100456513795,274954,284044,,DoubleMuonLowMass,2016
HLT_L1BptxMinus_v,0,0,273523,284044,,EmptyBX,2016
HLT_L1BptxPlus_v,0,0,273523,284044,,EmptyBX,2016
HLT_L1NotBptxOR_v,0,0,273523,284044,,EmptyBX,2016
HLT_PFJet15_NoCaloMatched_v,0,0,272760,284044,,FSQJets,2016
HLT_DiPFJet15_NoCaloMatched_v,0.0001177097286,1.5114847139024388e-06,272760,284044,,FSQJets,2016
HLT_DiPFJetAve15_HFJEC_v,0,0,272760,284044,,FSQJets,2016
HLT_DiPFJet15_FBEta3_NoCaloMatched_v,0.0001177097286,1.5114847139024388e-06,272760,284044,,FSQJets,2016
HLT_PFJet25_NoCaloMatched_v,0,0,272760,284044,,FSQJets,2016
HLT_DiPFJetAve35_HFJEC_v,0,0,272760,284044,,FSQJets,2016
HLT_DiPFJetAve25_HFJEC_v,0,0,272760,284044,,FSQJets,2016
HLT_DiPFJet25_FBEta3_NoCaloMatched_v,0.0001177097286,1.0076564759349593e-07,272760,284044,,FSQJets,2016
HLT_DiPFJet25_NoCaloMatched_v,0.0001177097286,5.038282379674796e-07,272760,284044,,FSQJets,2016
HLT_AK4CaloJet30_v,0.0001177097286,5.4715339460761455e-08,272760,284044,,HINCaloJets,2016
HLT_AK4CaloJet80_v,0.0001177097286,2.5839742245098044e-06,272760,284044,,HINCaloJets,2016
HLT_AK4CaloJet50_v,0.0001177097286,5.4715339460761455e-08,272760,284044,,HINCaloJets,2016
HLT_AK4CaloJet40_v,0.0001177097286,5.4715339460761455e-08,272760,284044,,HINCaloJets,2016
HLT_AK4CaloJet30_v,0.0001177097286,5.4715339460761455e-08,272760,284044,,HINCaloJets,2016
HLT_AK4CaloJet100_v,0.0001177097286,2.5839742245098044e-06,272760,284044,,HINCaloJets,2016
HLT_AK4PFJet100_v,0.0001177097286,2.5839742245098044e-06,272760,284044,,HINPFJets,2016
HLT_AK4PFJet30_v,0.0001177097286,5.4715339460761455e-08,272760,284044,,HINPFJets,2016
HLT_AK4PFJet50_v,0.0001177097286,5.4715339460761455e-08,272760,284044,,HINPFJets,2016
HLT_AK4PFJet80_v,0.0001177097286,2.5839742245098044e-06,272760,284044,,HINPFJets,2016
HLT_HISinglePhoton15_v,0.0001177097286,1.588209334333172e-07,272760,284044,,HINPhoton,2016
HLT_HISinglePhoton10_v,0.0001177097286,1.588209334333172e-07,272760,284044,,HINPhoton,2016
HLT_HISinglePhoton60_v,0.0001177097286,2.5455118824324333e-06,272760,284044,,HINPhoton,2016
HLT_HISinglePhoton40_v,0.0001177097286,2.5455118824324333e-06,272760,284044,,HINPhoton,2016
HLT_HISinglePhoton20_v,0.0001177097286,1.588209334333172e-07,272760,284044,,HINPhoton,2016
HLT_Physics_v,35.89455120366069,0.41071534345438837,271304,284044,,HLTPhysics,2016
HLT_Physics_v,35.89455120366069,0.41071534345438837,271304,284044,,HLTPhysics,2016
HLT_L1FatEvents_v,35.89764412666069,0.9224760765774234,271036,284044,,HLTPhysics,2016
HLT_Physics_part0_v,3.3129923670349073,0.16754991518100235,271304,278240,,HLTPhysics0,2016
HLT_L1FatEvents_part0_v,8.403134464582855,1.4475873323376882,276282,284044,,HLTPhysics0,2016
HLT_Physics_part0_v,3.3129923670349073,0.16754991518100235,271304,278240,,HLTPhysics0,2016
HLT_L1FatEvents_part1_v,8.403134464582855,1.4475873323376882,276282,284044,,HLTPhysics1,2016
HLT_Physics_part1_v,3.3129923670349073,0.16754991518100235,271304,278240,,HLTPhysics1,2016
HLT_Physics_part1_v,3.3129923670349073,0.16754991518100235,271304,278240,,HLTPhysics1,2016
HLT_L1FatEvents_part2_v,2.1483654622080004,0.5370913655520001,276282,284044,,HLTPhysics2,2016
HLT_Physics_part2_v,2.232841364554667,0.003913760969539544,271304,276244,,HLTPhysics2,2016
HLT_Physics_part2_v,2.232841364554667,0.003913760969539544,271304,276244,,HLTPhysics2,2016
HLT_L1FatEvents_part3_v,2.1483654622080004,0.5370913655520001,276282,284044,,HLTPhysics3,2016
HLT_Physics_part3_v,2.232841364554667,0.003913760969539544,271304,276244,,HLTPhysics3,2016
HLT_Physics_part3_v,2.232841364554667,0.003913760969539544,271304,276244,,HLTPhysics3,2016
HLT_Physics_part4_v,,,271304,271658,,HLTPhysics4,2016
HLT_Physics_part5_v,,,271304,271658,,HLTPhysics5,2016
HLT_Physics_part6_v,,,271304,271658,,HLTPhysics6,2016
HLT_Physics_part7_v,,,271304,271658,,HLTPhysics7,2016
HLT_Physics_part0_v,3.3129923670349073,0.16754991518100235,271304,278240,,HLTPhysicspart0,2016
HLT_Physics_part1_v,3.3129923670349073,0.16754991518100235,271304,278240,,HLTPhysicspart1,2016
HLT_Physics_part2_v,2.232841364554667,0.003913760969539544,271304,276244,,HLTPhysicspart2,2016
HLT_Physics_part3_v,2.232841364554667,0.003913760969539544,271304,276244,,HLTPhysicspart3,2016
HLT_Physics_part4_v,,,271304,271658,,HLTPhysicspart4,2016
HLT_Physics_part5_v,,,271304,271658,,HLTPhysicspart5,2016
HLT_Physics_part6_v,,,271304,271658,,HLTPhysicspart6,2016
HLT_Physics_part7_v,,,271304,271658,,HLTPhysicspart7,2016
HLT_PFHT400_DiPFJetAve90_PFAlphaT0p51_v,16.428434968596736,16.428434968596736,272760,278240,,HTMHT,2016
HLT_Rsq0p25_v,35.89455120366069,35.89455120366069,272760,284044,,HTMHT,2016
HLT_Rsq0p30_v,35.89455120366069,35.89455120366069,272760,284044,,HTMHT,2016
HLT_RsqMR240_Rsq0p09_MR200_v,9.727221102991148,9.727221102991148,272760,278240,,HTMHT,2016
HLT_RsqMR240_Rsq0p09_MR200_4jet_v,16.428434968596736,16.428434968596736,272760,278240,,HTMHT,2016
HLT_RsqMR270_Rsq0p09_MR200_v,35.89455120366069,35.89455120366069,272760,284044,,HTMHT,2016
HLT_RsqMR270_Rsq0p09_MR200_4jet_v,35.89455120366069,35.89455120366069,272760,284044,,HTMHT,2016
HLT_PFHT400_DiPFJetAve90_PFAlphaT0p52_v,35.89455120366069,35.89455120366069,272760,284044,,HTMHT,2016
HLT_PFHT250_DiPFJetAve90_PFAlphaT0p58_v,35.89455120366069,35.89455120366069,272760,284044,,HTMHT,2016
HLT_PFHT300_PFMET110_v,35.89455120366069,35.89455120366069,272760,284044,,HTMHT,2016
HLT_PFHT300_PFMET100_v,17.48912994645474,17.48912994645474,272760,280385,,HTMHT,2016
HLT_PFHT350_DiPFJetAve90_PFAlphaT0p53_v,35.89455120366069,35.89455120366069,272760,284044,,HTMHT,2016
HLT_PFHT350_DiPFJetAve90_PFAlphaT0p52_v,16.428434968596736,16.428434968596736,272760,278240,,HTMHT,2016
HLT_PFHT300_DiPFJetAve90_PFAlphaT0p54_v,35.89455120366069,35.89455120366069,272760,284044,,HTMHT,2016
HLT_PFHT300_DiPFJetAve90_PFAlphaT0p53_v,16.428434968596736,16.428434968596736,272760,278240,,HTMHT,2016
HLT_PFHT250_DiPFJetAve90_PFAlphaT0p55_v,16.428434968596736,16.428434968596736,272760,278240,,HTMHT,2016
HLT_PFHT200_DiPFJetAve90_PFAlphaT0p63_v,35.89455120366069,35.89455120366069,272760,284044,,HTMHT,2016
HLT_PFHT200_DiPFJetAve90_PFAlphaT0p57_v,19.416803692573996,18.830144720809358,272760,280385,,HTMHT,2016
HLT_DiPFJet40_DEta3p5_MJJ600_PFMETNoMu80_v,35.89455120366069,0.7871647495401726,272760,284044,,HTMHT,2016
HLT_PFHT200_PFAlphaT0p51_v,35.89455120366069,0.28438438764309226,272760,284044,,HTMHT,2016
HLT_DiPFJet40_DEta3p5_MJJ600_PFMETNoMu140_v,35.89455120366069,35.89455120366069,272760,284044,,HTMHT,2016
HLT_GlobalRunHPDNoise_v,35.89455120366069,8.53562656533008e-05,272760,284044,,HcalHPDNoise,2016
HLT_HcalPhiSym_v,35.89455120366069,0.05757619680232676,272760,284044,,HcalNZS,2016
HLT_HcalNZS_v,35.89764412666069,0.12096890215262016,271036,284044,,HcalNZS,2016
HLT_PixelTracks_Multiplicity85ForEndOfFill_v,0,0,272760,279116,,HighMultiplicity85EOF,2016
HLT_FullTracks_Multiplicity100_v,7.778022360000001e-05,2.8283717672727274e-07,272760,284044,,HighMultiplicityEOF,2016
HLT_PixelTracks_Multiplicity60ForEndOfFill_v,0,0,272760,279116,,HighMultiplicityEOF,2016
HLT_PixelTracks_Multiplicity110ForEndOfFill_v,0,0,272760,279116,,HighMultiplicityEOF,2016
HLT_PixelTracks_Multiplicity135ForEndOfFill_v,0,0,272760,279116,,HighMultiplicityEOF,2016
HLT_PixelTracks_Multiplicity160ForEndOfFill_v,0,0,272760,279116,,HighMultiplicityEOF,2016
HLT_FullTracks_Multiplicity150_v,7.778022360000001e-05,6.481685300000001e-06,272760,284044,,HighMultiplicityEOF,2016
HLT_FullTracks_Multiplicity130_v,7.778022360000001e-05,6.481685300000001e-06,272760,284044,,HighMultiplicityEOF,2016
HLT_FullTracks_Multiplicity100_v,7.778022360000001e-05,2.8283717672727274e-07,272760,284044,,HighMultiplicityEOF,2016
HLT_FullTracks_Multiplicity80_v,0.0001177097286,5.4715339460761455e-08,272760,284044,,HighMultiplicityEOF,2016
HLT_AK8PFJet500_v,33.340100456513795,33.340100456513795,274954,284044,,JetHT,2016
HLT_AK8PFJet40_v,33.340100456513795,4.912408573002951e-05,274954,284044,,JetHT,2016
HLT_AK8PFJet60_v,33.340100456513795,0.0003246728023020371,274954,284044,,JetHT,2016
HLT_AK8PFJet80_v,33.340100456513795,0.0009944533081569036,274954,284044,,JetHT,2016
HLT_AK8PFJet140_v,33.340100456513795,0.010049425743311993,274954,284044,,JetHT,2016
HLT_AK8PFJet200_v,33.340100456513795,0.08520070887817384,274954,284044,,JetHT,2016
HLT_PFHT750_4JetPt80_v,8.711033478394866,8.711033478394866,281613,284044,,JetHT,2016
HLT_PFHT750_4JetPt70_v,8.711033478394866,8.711033478394866,281613,284044,,JetHT,2016
HLT_AK8DiPFJet300_200_TrimMass30_v,8.711033478394866,8.711033478394866,281613,284044,,JetHT,2016
HLT_PFHT800_4JetPt50_v,8.711033478394866,8.711033478394866,281613,284044,,JetHT,2016
HLT_AK8PFJet320_v,33.340100456513795,1.5129936356557052,274954,284044,,JetHT,2016
HLT_PFHT650_4JetPt50_v,35.89455120366069,1.6562171257526523,272760,284044,,JetHT,2016
HLT_AK8PFJet450_v,33.340100456513795,33.340100456513795,274954,284044,,JetHT,2016
HLT_PFHT900_v,35.89455120366069,35.89455120366069,272760,284044,,JetHT,2016
HLT_AK8PFHT600_TrimR0p1PT0p03Mass50_BTagCSV_p20_v,19.752650067214294,19.752650067214294,272760,284044,,JetHT,2016
HLT_PFHT850_4JetPt50_v,8.711033478394866,8.711033478394866,281613,284044,,JetHT,2016
HLT_AK8PFJet400_v,33.340100456513795,4.562951670964256,274954,284044,,JetHT,2016
HLT_AK8PFJet260_v,33.340100456513795,0.5107681749219543,274954,284044,,JetHT,2016
HLT_AK8DiPFJet300_200_TrimMass30_BTagCSV_p087_v,8.711033478394866,8.711033478394866,281613,284044,,JetHT,2016
HLT_DiJetVBF_PassThrough_v,6.337873912711765,6.337873912711765,282663,284044,,JetHT,2016
HLT_AK8DiPFJet300_200_TrimMass30_BTagCSV_p20_v,8.711033478394866,8.711033478394866,281613,284044,,JetHT,2016
HLT_PFHT550_4JetPt50_v,35.89455120366069,0.853393670879152,272760,284044,,JetHT,2016
HLT_HT2500_v,35.89455120366069,35.89455120366069,272760,284044,,JetHT,2016
HLT_HT2000_v,35.89455120366069,35.89455120366069,272760,284044,,JetHT,2016
HLT_DiCentralPFJet430_v,33.340100456513795,33.340100456513795,274954,284044,,JetHT,2016
HLT_PFHT400_SixJet30_v,35.89455120366069,3.2571830678174525,272760,284044,,JetHT,2016
HLT_DiCentralPFJet330_CFMax0p5_v,33.340100456513795,33.340100456513795,274954,284044,,JetHT,2016
HLT_DiCentralPFJet220_CFMax0p3_v,14.934679199307839,14.934679199307839,274954,281616,,JetHT,2016
HLT_DiCentralPFJet170_CFMax0p1_v,33.340100456513795,33.340100456513795,274954,284044,,JetHT,2016
HLT_AK8DiPFJet280_200_TrimMass30_v,35.89455120366069,1.6712100326707204,272760,284044,,JetHT,2016
HLT_AK8DiPFJet250_200_TrimMass30_v,21.80620281299717,1.0939059784235627,272760,284044,,JetHT,2016
HLT_AK8DiPFJet280_200_TrimMass30_BTagCSV_p20_v,35.89455120366069,35.89455120366069,272760,284044,,JetHT,2016
HLT_PFHT450_SixJet40_v,35.89455120366069,12.454184979943694,272760,284044,,JetHT,2016
HLT_AK8DiPFJet250_200_TrimMass30_BTagCSV_p20_v,19.752650067214294,19.752650067214294,272760,284044,,JetHT,2016
HLT_PFHT450_SixJet40_BTagCSV_p056_v,35.89455120366069,35.89455120366069,272760,284044,,JetHT,2016
HLT_PFHT400_SixJet30_DoubleBTagCSV_p056_v,35.89455120366069,35.89455120366069,272760,284044,,JetHT,2016
HLT_PFHT125_v,35.89455120366069,0.003427318598174352,272760,284044,,JetHT,2016
HLT_AK8PFJet400_TrimMass30_v,8.711033478394866,8.711033478394866,281613,284044,,JetHT,2016
HLT_AK8PFHT750_TrimMass50_v,8.711033478394866,8.711033478394866,281613,284044,,JetHT,2016
HLT_SingleCentralPFJet170_CFMax0p1_v,33.340100456513795,0.3736199787617888,274954,284044,,JetHT,2016
HLT_DiCentralPFJet170_v,33.340100456513795,0.09677800555487308,274954,284044,,JetHT,2016
HLT_AK8PFHT650_TrimR0p1PT0p03Mass50_v,19.752650067214294,19.752650067214294,272760,284044,,JetHT,2016
HLT_AK8DiPFJet280_200_TrimMass30_BTagCSV_p087_v,8.711033478394866,8.711033478394866,281613,284044,,JetHT,2016
HLT_AK8PFHT800_TrimMass50_v,8.711033478394866,8.711033478394866,281613,284044,,JetHT,2016
HLT_DiJetVBFMu_PassThrough_v,6.337873912711765,6.337873912711765,282663,284044,,JetHT,2016
HLT_PFJet200_v,35.89455120366069,0.10041345796157401,272760,284044,,JetHT,2016
HLT_QuadPFJet_VBF_v,35.89455120366069,0.02604955042156962,272760,284044,,JetHT,2016
HLT_L1_TripleJet_VBF_v,35.89455120366069,0.01399886415820081,272760,284044,,JetHT,2016
HLT_PFJet500_v,35.89455120366069,35.89455120366069,272760,284044,,JetHT,2016
HLT_PFJet500_v,35.89455120366069,35.89455120366069,272760,284044,,JetHT,2016
HLT_PFJet450_v,35.89455120366069,35.89455120366069,272760,284044,,JetHT,2016
HLT_PFJet400_v,35.89455120366069,5.080988277943925,272760,284044,,JetHT,2016
HLT_PFJet320_v,35.89455120366069,1.7217965942038698,272760,284044,,JetHT,2016
HLT_PFJet260_v,35.89455120366069,0.5740683489349399,272760,284044,,JetHT,2016
HLT_DiPFJetAve320_v,35.89455120366069,2.936650329326123,272760,284044,,JetHT,2016
HLT_PFJet140_v,35.89455120366069,0.02340544508802604,272760,284044,,JetHT,2016
HLT_PFJet80_v,35.89455120366069,0.002624185279706384,272760,284044,,JetHT,2016
HLT_PFJet60_v,35.89455120366069,0.0007115561130786474,272760,284044,,JetHT,2016
HLT_PFJet40_v,35.89764412666069,0.00026247572302139766,272760,284044,,JetHT,2016
HLT_PFHT800_v,27.183517725265816,27.183517725265816,272760,280385,,JetHT,2016
HLT_PFHT650_v,35.89455120366069,1.597116155518246,272760,284044,,JetHT,2016
HLT_QuadPFJet_VBF_v,35.89455120366069,0.02604955042156962,272760,284044,,JetHT,2016
HLT_DiPFJetAve40_v,35.89764412666069,9.844641840580597e-05,272760,284044,,JetHT,2016
HLT_DiPFJetAve60_v,35.89764412666069,0.001697721539305048,272760,284044,,JetHT,2016
HLT_PFHT475_v,35.89455120366069,0.30301591679976736,272760,284044,,JetHT,2016
HLT_DiPFJetAve260_v,35.89455120366069,0.5135666834536688,272760,284044,,JetHT,2016
HLT_DiPFJetAve500_v,35.89455120366069,29.2771647906624,272760,284044,,JetHT,2016
HLT_DiPFJetAve60_HFJEC_v,35.89455120366069,0.019561883851468686,272760,284044,,JetHT,2016
HLT_DiPFJetAve80_HFJEC_v,35.89455120366069,0.025416017780070934,272760,284044,,JetHT,2016
HLT_DiPFJetAve100_HFJEC_v,35.89455120366069,0.0939768122466011,272760,284044,,JetHT,2016
HLT_DiPFJetAve160_HFJEC_v,35.89455120366069,0.5340161283306757,272760,284044,,JetHT,2016
HLT_DiPFJetAve200_v,35.89455120366069,0.13442737851572648,272760,284044,,JetHT,2016
HLT_PFHT600_v,35.89455120366069,1.2117642598413108,272760,284044,,JetHT,2016
HLT_DiPFJetAve220_HFJEC_v,35.89455120366069,28.981866650512398,272760,284044,,JetHT,2016
HLT_DiPFJetAve140_v,35.89455120366069,0.026937479391705325,272760,284044,,JetHT,2016
HLT_DiPFJetAve80_v,35.89455120366069,0.0037125980192115014,272760,284044,,JetHT,2016
HLT_PFHT200_v,35.89455120366069,0.006341447081563993,272760,284044,,JetHT,2016
HLT_PFHT250_v,35.89455120366069,0.009357700589017687,272760,284044,,JetHT,2016
HLT_PFHT300_v,35.89455120366069,0.03787448268521565,272760,284044,,JetHT,2016
HLT_PFHT350_v,35.89455120366069,0.07574897360881512,272760,284044,,JetHT,2016
HLT_PFHT400_v,35.89455120366069,0.15150802018776247,272760,284044,,JetHT,2016
HLT_DiPFJetAve300_HFJEC_v,35.89455120366069,35.89455120366069,272760,284044,,JetHT,2016
HLT_PFHT750_4JetPt50_v,27.183517725265816,27.183517725265816,272760,280385,,JetHT,2016
HLT_DiPFJetAve400_v,35.89455120366069,8.918748693195175,272760,284044,,JetHT,2016
HLT_CaloJet500_NoJetID_v,35.89455120366069,35.89455120366069,272760,284044,,JetHT,2016
HLT_AK8PFJet360_TrimMass30_v,35.89455120366069,35.89455120366069,272760,284044,,JetHT,2016
HLT_PFHT650_WideJetMJJ900DEtaJJ1p5_v,35.89455120366069,35.89455120366069,272760,284044,,JetHT,2016
HLT_PFHT650_WideJetMJJ950DEtaJJ1p5_v,35.89455120366069,35.89455120366069,272760,284044,,JetHT,2016
HLT_AK8PFJet360_TrimMass30_v,35.89455120366069,35.89455120366069,272760,284044,,JetHT,2016
HLT_AK8PFHT700_TrimR0p1PT0p03Mass50_v,35.89455120366069,35.89455120366069,272760,284044,,JetHT,2016
HLT_L1MinimumBiasHF_OR_v,7.778022360000001e-05,1.7677323545454546e-08,272760,282408,,L1MinimumBias,2016
HLT_L1MinimumBiasHF_AND_v,0.0001177097286,5.441905746007178e-10,272760,284044,,L1MinimumBias,2016
HLT_L1MinimumBiasHF_AND_v,0.0001177097286,5.441905746007178e-10,272760,284044,,L1MinimumBias0,2016
HLT_L1MinimumBiasHF_OR_part0_v,3.9929505e-05,1.936069236985237e-09,273523,284044,,L1MinimumBias0,2016
HLT_L1MinimumBiasHF_OR_part1_v,3.9929505e-05,1.936069236985237e-09,273523,284044,,L1MinimumBias1,2016
HLT_L1MinimumBiasHF_OR_part2_v,3.9929505e-05,1.936069236985237e-09,273523,284044,,L1MinimumBias2,2016
HLT_L1MinimumBiasHF_OR_part3_v,3.9929505e-05,1.936069236985237e-09,273523,284044,,L1MinimumBias3,2016
HLT_L1MinimumBiasHF_OR_part4_v,3.9929505e-05,1.936069236985237e-09,273523,284044,,L1MinimumBias4,2016
HLT_L1MinimumBiasHF_OR_part5_v,3.9929505e-05,1.936069236985237e-09,273523,284044,,L1MinimumBias5,2016
HLT_L1MinimumBiasHF_OR_part6_v,3.9929505e-05,1.936069236985237e-09,273523,284044,,L1MinimumBias6,2016
HLT_L1MinimumBiasHF_OR_part7_v,3.9929505e-05,1.936069236985237e-09,273523,284044,,L1MinimumBias7,2016
HLT_L1MinimumBiasHF_OR_part8_v,3.9929505e-05,1.936069236985237e-09,273523,284044,,L1MinimumBias8,2016
HLT_L1MinimumBiasHF_OR_part9_v,3.9929505e-05,1.936069236985237e-09,273523,284044,,L1MinimumBias9,2016
HLT_MonoCentralPFJet80_PFMETNoMu110_PFMHTNoMu110_IDTight_v,35.89455120366069,35.89455120366069,272760,284044,,MET,2016
HLT_MET75_IsoTrk50_v,35.89455120366069,35.89455120366069,272760,284044,,MET,2016
HLT_MET90_IsoTrk50_v,35.89455120366069,35.89455120366069,272760,284044,,MET,2016
HLT_PFMET170_NoiseCleaned_v,7.7179685585911475,7.7179685585911475,272760,276244,,MET,2016
HLT_PFMET90_PFMHT90_IDTight_v,13.665495440802282,13.665495440802282,272760,281616,,MET,2016
HLT_PFMET100_PFMHT100_IDTight_v,17.369232865454734,17.369232865454734,272760,281616,,MET,2016
HLT_MET60_IsoTrk35_Loose_v,35.89455120366069,0.07112247583626664,272760,284044,,MET,2016
HLT_PFMET170_HBHE_BeamHaloCleaned_v,23.046100798604943,23.046100798604943,276870,284044,,MET,2016
HLT_PFMET120_Mu5_v,23.761939162715745,23.761939162715745,272760,280385,,MET,2016
HLT_PFMET170_BeamHaloCleaned_v,33.340100456513795,6.707884685841043,274954,284044,,MET,2016
HLT_DoubleMu3_PFMET50_v,33.316808049513796,33.316808049513796,274954,284044,,MET,2016
HLT_PFMET400_v,35.89455120366069,35.89455120366069,272760,284044,,MET,2016
HLT_PFMET300_v,35.89455120366069,35.89455120366069,272760,284044,,MET,2016
HLT_MET200_v,35.89455120366069,35.89455120366069,272760,284044,,MET,2016
HLT_MonoCentralPFJet80_PFMETNoMu120_PFMHTNoMu120_IDTight_v,35.89455120366069,35.89455120366069,272760,284044,,MET,2016
HLT_MonoCentralPFJet80_PFMETNoMu90_PFMHTNoMu90_IDTight_v,13.665495440802282,13.665495440802282,272760,281616,,MET,2016
HLT_PFMETNoMu120_PFMHTNoMu120_IDTight_v,35.89455120366069,35.89455120366069,272760,284044,,MET,2016
HLT_PFMETNoMu90_PFMHTNoMu90_IDTight_v,13.665495440802282,13.665495440802282,272760,281616,,MET,2016
HLT_Mu14er_PFMET100_v,21.200340539796,21.200340539796,272760,280385,,MET,2016
HLT_Mu6_PFHT200_PFMET100_v,35.89455120366069,35.89455120366069,272760,284044,,MET,2016
HLT_DiCentralPFJet55_PFMET110_v,17.48912994645474,17.48912994645474,272760,278240,,MET,2016
HLT_PFMET110_PFMHT110_IDTight_v,35.275366830249695,35.275366830249695,272760,284044,,MET,2016
HLT_CaloMHTNoPU90_PFMET90_PFMHT90_IDTight_v,35.89455120366069,1.347862852104028,272760,284044,,MET,2016
HLT_PFMET100_PFMHT100_IDTight_BeamHaloCleaned_v,4.640679541398993,4.640679541398993,276870,281616,,MET,2016
HLT_MonoCentralPFJet80_PFMETNoMu100_PFMHTNoMu100_IDTight_v,17.369232865454734,17.369232865454734,272760,281616,,MET,2016
HLT_MET250_v,35.89455120366069,35.89455120366069,272760,284044,,MET,2016
HLT_MET300_v,35.89455120366069,35.89455120366069,272760,284044,,MET,2016
HLT_PFMETNoMu110_PFMHTNoMu110_IDTight_v,35.275366830249695,35.275366830249695,272760,284044,,MET,2016
HLT_PFMETNoMu100_PFMHTNoMu100_IDTight_v,17.369232865454734,17.369232865454734,272760,281616,,MET,2016
HLT_Mu6_PFHT200_PFMET80_BTagCSV_p067_v,16.428434968596736,16.428434968596736,272760,278240,,MET,2016
HLT_MET600_v,35.89455120366069,35.89455120366069,272760,284044,,MET,2016
HLT_MET700_v,35.89455120366069,35.89455120366069,272760,284044,,MET,2016
HLT_PFMET500_v,35.89455120366069,35.89455120366069,272760,284044,,MET,2016
HLT_PFMETTypeOne190_HBHE_BeamHaloCleaned_v,23.046100798604943,23.046100798604943,276870,284044,,MET,2016
HLT_PFMET170_NotCleaned_v,35.89455120366069,9.262335432987895,272760,284044,,MET,2016
HLT_CaloMHTNoPU90_PFMET90_PFMHT90_IDTight_BTagCSV_p067_v,35.89455120366069,35.89455120366069,272760,284044,,MET,2016
HLT_PFMET120_BTagCSV_p067_v,16.428434968596736,16.428434968596736,272760,278240,,MET,2016
HLT_PFMET600_v,35.89455120366069,35.89455120366069,272760,284044,,MET,2016
HLT_PFMET170_HBHECleaned_v,35.89455120366069,35.89455120366069,272760,284044,,MET,2016
HLT_PFMET170_HBHECleaned_v,35.89455120366069,35.89455120366069,272760,284044,,MET,2016
HLT_PFMET170_JetIdCleaned_v,7.7179685585911475,7.7179685585911475,272760,276244,,MET,2016
HLT_Mu3er_PFHT140_PFMET125_v,16.428434968596736,16.428434968596736,272760,278240,,MET,2016
HLT_PFMET120_PFMHT120_IDTight_v,35.89455120366069,35.89455120366069,272760,284044,,MET,2016
HLT_PFMET120_PFMHT120_IDTight_v,35.89455120366069,35.89455120366069,272760,284044,,MET,2016
HLT_PFMET120_BTagCSV_p067_v,16.428434968596736,16.428434968596736,272760,278240,,MET,2016
HLT_PFMET120_Mu5_v,23.761939162715745,23.761939162715745,272760,280385,,MET,2016
HLT_L1SingleMuOpen_v,0,0,271036,281616,,MinimumBias,2016
HLT_L1SingleJet36_v,,,271036,271658,,MinimumBias,2016
HLT_Random_v,35.89764412666069,0.3641020936139353,271036,284044,,MinimumBias,2016
HLT_L1SingleEG20_v,,,271036,271658,,MinimumBias,2016
HLT_L1SingleMu5_v,,,271036,271658,,MinimumBias,2016
HLT_L1FatEvents_v,35.89764412666069,0.9224760765774234,271036,284044,,MinimumBias,2016
HLT_ZeroBias_v,35.89764412666069,2.830149469604367e-05,271036,284044,,MinimumBias,2016
HLT_L1SingleEG5_v,,,271036,271658,,MinimumBias,2016
HLT_Mu7p5_L2Mu2_Upsilon_v,35.89455120366069,0.17348363220711205,272760,284044,,MuOnia,2016
HLT_Mu7p5_Track2_Upsilon_v,35.89455120366069,0.29983070944054613,272760,284044,,MuOnia,2016
HLT_Mu7p5_Track3p5_Upsilon_v,35.89455120366069,0.29983070944054613,272760,284044,,MuOnia,2016
HLT_Mu7p5_Track7_Upsilon_v,35.89455120366069,0.29983070944054613,272760,284044,,MuOnia,2016
HLT_QuadMuon0_Dimuon0_Upsilon_v,35.89455120366069,35.89455120366069,272760,284044,,MuOnia,2016
HLT_Mu25_TkMu0_dEta18_Onia_v,35.89455120366069,35.89455120366069,272760,284044,,MuOnia,2016
HLT_Dimuon13_Upsilon_v,35.77465412266069,35.77465412266069,272760,284044,,MuOnia,2016
HLT_Dimuon0_Upsilon_Muon_v,35.89345088366069,35.89345088366069,272760,284044,,MuOnia,2016
HLT_Mu16_TkMu0_dEta18_Phi_v,8.849952672867246,7.003344721973154,272760,281616,,MuOnia,2016
HLT_Dimuon0_Phi_Barrel_v,24.885970005698287,24.885970005698287,272760,284044,,MuOnia,2016
HLT_Dimuon8_Upsilon_Barrel_v,35.394960266430935,34.84205762508093,272760,284044,,MuOnia,2016
HLT_Mu16_TkMu0_dEta18_Onia_v,8.849952672867246,7.003344721973154,272760,281616,,MuOnia,2016
HLT_Mu28NoFiltersNoVtxDisplaced_Photon28_CaloIdL_v,35.89455120366069,35.89455120366069,272760,284044,,MuonEG,2016
HLT_Mu33NoFiltersNoVtxDisplaced_Photon33_CaloIdL_v,35.89455120366069,35.89455120366069,272760,284044,,MuonEG,2016
HLT_Mu23NoFiltersNoVtx_Photon23_CaloIdL_v,35.89455120366069,1.63764822728757,272760,284044,,MuonEG,2016
HLT_Mu30_Ele30_CaloIdL_GsfTrkIdVL_v,27.183517725265816,27.183517725265816,272760,281616,,MuonEG,2016
HLT_Mu30_Ele30_CaloIdL_GsfTrkIdVL_v,27.183517725265816,27.183517725265816,272760,281616,,MuonEG,2016
HLT_Mu17_TrkIsoVVL_Ele12_CaloIdL_TrackIdL_IsoVL_v,24.885970005698287,24.885970005698287,272760,284044,,MuonEG,2016
HLT_Mu8_TrkIsoVVL_Ele17_CaloIdL_TrackIdL_IsoVL_v,24.885970005698287,24.885970005698287,272760,284044,,MuonEG,2016
HLT_Mu33_Ele33_CaloIdL_GsfTrkIdVL_v,18.405421257205944,18.405421257205944,278273,284044,,MuonEG,2016
HLT_Mu8_TrkIsoVVL_Ele23_CaloIdL_TrackIdL_IsoVL_v,27.183517725265816,27.183517725265816,272760,281616,,MuonEG,2016
HLT_Mu8_TrkIsoVVL_Ele23_CaloIdL_TrackIdL_IsoVL_DZ_v,18.405421257205944,18.405421257205944,278273,284044,,MuonEG,2016
HLT_Mu12_TrkIsoVVL_Ele23_CaloIdL_TrackIdL_IsoVL_v,18.405421257205944,10.875920054660703,278273,284044,,MuonEG,2016
HLT_Mu12_TrkIsoVVL_Ele23_CaloIdL_TrackIdL_IsoVL_DZ_v,18.405421257205944,18.405421257205944,278273,284044,,MuonEG,2016
HLT_Mu23_TrkIsoVVL_Ele12_CaloIdL_TrackIdL_IsoVL_DZ_v,18.405421257205944,18.405421257205944,278273,284044,,MuonEG,2016
HLT_Mu23_TrkIsoVVL_Ele12_CaloIdL_TrackIdL_IsoVL_v,35.89455120366069,29.528941810912613,272760,284044,,MuonEG,2016
HLT_Mu38NoFiltersNoVtx_Photon38_CaloIdL_v,35.89455120366069,35.89455120366069,272760,284044,,MuonEG,2016
HLT_Mu42NoFiltersNoVtx_Photon42_CaloIdL_v,35.89455120366069,35.89455120366069,272760,284044,,MuonEG,2016
HLT_Mu37_Ele27_CaloIdL_GsfTrkIdVL_v,35.89455120366069,35.89455120366069,272760,284044,,MuonEG,2016
HLT_Mu27_Ele37_CaloIdL_GsfTrkIdVL_v,35.89455120366069,35.89455120366069,272760,284044,,MuonEG,2016
HLT_Mu8_DiEle12_CaloIdL_TrackIdL_v,35.89455120366069,35.89455120366069,272760,284044,,MuonEG,2016
HLT_Mu12_Photon25_CaloIdL_v,35.89455120366069,0.006370904075384442,272760,284044,,MuonEG,2016
HLT_Mu12_Photon25_CaloIdL_L1ISO_v,33.915147942760925,0.07148553216368449,272760,284044,,MuonEG,2016
HLT_Mu12_Photon25_CaloIdL_L1OR_v,35.89455120366069,2.9233858205164855,272760,284044,,MuonEG,2016
HLT_Mu8_Ele8_CaloIdM_TrackIdM_Mass8_PFHT300_v,35.89455120366069,35.89455120366069,272760,284044,,MuonEG,2016
HLT_Mu23_TrkIsoVVL_Ele8_CaloIdL_TrackIdL_IsoVL_DZ_v,8.711033478394866,8.711033478394866,281613,284044,,MuonEG,2016
HLT_Mu17_Photon22_CaloIdL_L1ISO_v,17.48912994645474,17.48912994645474,272760,280385,,MuonEG,2016
HLT_Mu8_Ele8_CaloIdM_TrackIdM_Mass8_PFHT250_v,9.727221102991148,9.727221102991148,272760,281616,,MuonEG,2016
HLT_Mu23_TrkIsoVVL_Ele8_CaloIdL_TrackIdL_IsoVL_v,27.183517725265816,27.183517725265816,272760,281616,,MuonEG,2016
HLT_DiMu9_Ele9_CaloIdL_TrackIdL_v,35.89455120366069,35.89455120366069,272760,284044,,MuonEG,2016
HLT_Mu17_Photon35_CaloIdL_L1ISO_v,35.89455120366069,35.89455120366069,272760,284044,,MuonEG,2016
HLT_Mu17_Photon30_CaloIdL_L1ISO_v,35.89455120366069,35.89455120366069,272760,284044,,MuonEG,2016
HLT_JetE30_NoBPTX3BX_v,35.89455120366069,0.29976063069904163,272760,284044,,NoBPTX,2016
HLT_L2Mu40_NoVertex_3Sta_NoBPTX3BX_v,35.89455120366069,35.89455120366069,272760,284044,,NoBPTX,2016
HLT_L2Mu10_NoVertex_NoBPTX3BX_v,35.89455120366069,0.440661665692372,272760,284044,,NoBPTX,2016
HLT_L2Mu35_NoVertex_3Sta_NoBPTX3BX_v,27.183517725265816,27.183517725265816,272760,280385,,NoBPTX,2016
HLT_JetE30_NoBPTX_v,35.89455120366069,0.12804706234424698,272760,284044,,NoBPTX,2016
HLT_L2Mu10_NoVertex_NoBPTX_v,35.89455120366069,0.1291081506168976,272760,284044,,NoBPTX,2016
HLT_JetE50_NoBPTX3BX_v,35.89455120366069,35.89455120366069,272760,284044,,NoBPTX,2016
HLT_L2Mu45_NoVertex_3Sta_NoBPTX3BX_v,8.711033478394866,8.711033478394866,281613,284044,,NoBPTX,2016
HLT_JetE70_NoBPTX3BX_v,35.89455120366069,35.89455120366069,272760,284044,,NoBPTX,2016
HLT_Physics_part0_v,3.3129923670349073,0.16754991518100235,271304,278240,,ParkingHLTPhysics0,2016
HLT_Physics_part1_v,3.3129923670349073,0.16754991518100235,271304,278240,,ParkingHLTPhysics1,2016
HLT_Physics_part2_v,2.232841364554667,0.003913760969539544,271304,276244,,ParkingHLTPhysics2,2016
HLT_Physics_part3_v,2.232841364554667,0.003913760969539544,271304,276244,,ParkingHLTPhysics3,2016
HLT_HT410to430_v,12.848450405055743,12.848450405055743,272760,281616,,ParkingHT410to430,2016
HLT_HT430to450_v,35.89455120366069,35.89455120366069,272760,284044,,ParkingHT430to450,2016
HLT_HT450to470_v,35.89455120366069,35.89455120366069,272760,284044,,ParkingHT450to470,2016
HLT_HT470to500_v,35.89455120366069,35.89455120366069,272760,284044,,ParkingHT470to500,2016
HLT_HT500to550_v,35.89455120366069,35.89455120366069,272760,284044,,ParkingHT500to550,2016
HLT_HT550to650_v,35.89455120366069,35.89455120366069,272760,284044,,ParkingHT550to650,2016
HLT_HT650_v,35.89455120366069,35.89455120366069,272760,284044,,ParkingHT650,2016
DST_HT250_CaloBTagScouting_v,33.340100456513795,33.340100456513795,274954,284044,,ParkingScoutingMonitor,2016
DST_HT250_CaloScouting_v,35.89455120366069,35.89455120366069,272760,284044,,ParkingScoutingMonitor,2016
HLT_HT430to450_v,35.89455120366069,35.89455120366069,272760,284044,,ParkingScoutingMonitor,2016
DST_ZeroBias_PFScouting_v,2.5575436701469,1.2731075011669373e-07,272760,274443,,ParkingScoutingMonitor,2016
DST_HT450_PFScouting_v,35.89455120366069,35.89455120366069,272760,284044,,ParkingScoutingMonitor,2016
DST_HT450_BTagScouting_v,35.89455120366069,35.89455120366069,272760,284044,,ParkingScoutingMonitor,2016
DST_L1HTT_CaloScouting_PFScouting_v,35.89455120366069,0.03589455120366142,272760,284044,,ParkingScoutingMonitor,2016
DST_L1HTT_BTagScouting_v,35.89455120366069,0.03589455120366142,272760,284044,,ParkingScoutingMonitor,2016
DST_HT410_PFScouting_v,35.89455120366069,35.89455120366069,272760,284044,,ParkingScoutingMonitor,2016
DST_HT410_BTagScouting_v,35.89455120366069,35.89455120366069,272760,284044,,ParkingScoutingMonitor,2016
DST_CaloJet40_CaloScouting_PFScouting_v,35.89764412666069,0.00032224355355842756,272760,284044,,ParkingScoutingMonitor,2016
DST_CaloJet40_CaloBTagScouting_v,33.340100456513795,0.000314230829167178,274954,284044,,ParkingScoutingMonitor,2016
DST_L1HTT_CaloBTagScouting_v,33.340100456513795,0.03334010045651459,274954,284044,,ParkingScoutingMonitor,2016
DST_DoubleMu3_Mass10_CaloScouting_PFScouting_v,33.340100456513795,33.340100456513795,274954,284044,,ParkingScoutingMonitor,2016
DST_L1DoubleMu_CaloScouting_PFScouting_v,33.340100456513795,0.03334010045651459,274954,284044,,ParkingScoutingMonitor,2016
HLT_HT410to430_v,12.848450405055743,12.848450405055743,272760,281616,,ParkingScoutingMonitor,2016
HLT_HT450to470_v,35.89455120366069,35.89455120366069,272760,284044,,ParkingScoutingMonitor,2016
HLT_HT470to500_v,35.89455120366069,35.89455120366069,272760,284044,,ParkingScoutingMonitor,2016
DST_ZeroBias_CaloScouting_PFScouting_v,33.340100456513795,1.450760959196573e-05,274954,284044,,ParkingScoutingMonitor,2016
HLT_HT500to550_v,35.89455120366069,35.89455120366069,272760,284044,,ParkingScoutingMonitor,2016
HLT_HT550to650_v,35.89455120366069,35.89455120366069,272760,284044,,ParkingScoutingMonitor,2016
DST_L1DoubleMu_BTagScouting_v,35.89455120366069,0.06711259457245085,272760,284044,,ParkingScoutingMonitor,2016
DST_CaloJet40_BTagScouting_v,35.89764412666069,0.00032224355355842756,272760,284044,,ParkingScoutingMonitor,2016
DST_DoubleMu3_Mass10_PFScouting_v,2.5544507471469,2.5544507471469,272760,274443,,ParkingScoutingMonitor,2016
HLT_HT650_v,35.89455120366069,35.89455120366069,272760,284044,,ParkingScoutingMonitor,2016
DST_ZeroBias_BTagScouting_v,35.89764412666069,1.4908245811528062e-05,272760,284044,,ParkingScoutingMonitor,2016
DST_L1DoubleMu_PFScouting_v,2.5544507471469,0.051089014942938195,272760,274443,,ParkingScoutingMonitor,2016
DST_DoubleMu3_Mass10_BTagScouting_v,35.89455120366069,35.89455120366069,272760,284044,,ParkingScoutingMonitor,2016
HLT_ZeroBias_part0_v,7.765273046825198,4.737166299734425e-05,271036,284044,,ParkingZeroBias0,2016
HLT_ZeroBias_part1_v,7.765273046825198,4.69573447980012e-05,271036,284044,,ParkingZeroBias1,2016
HLT_ZeroBias_part2_v,7.765273046825198,4.69573447980012e-05,271036,284044,,ParkingZeroBias2,2016
HLT_ZeroBias_part3_v,7.765273046825198,4.69573447980012e-05,271036,284044,,ParkingZeroBias3,2016
HLT_ZeroBias_part4_v,5.529936859270531,2.5385229000906645e-05,271036,284044,,ParkingZeroBias4,2016
HLT_ZeroBias_part5_v,3.12230472235954,1.6989205096152226e-05,271036,284044,,ParkingZeroBias5,2016
HLT_ZeroBias_part6_v,3.12230472235954,1.6989205096152226e-05,271036,284044,,ParkingZeroBias6,2016
HLT_ZeroBias_part7_v,3.12230472235954,1.6989205096152226e-05,271036,284044,,ParkingZeroBias7,2016
DST_CaloJet40_CaloScouting_PFScouting_v,35.89764412666069,0.00032224355355842756,272760,284044,,ScoutingCaloCommissioning,2016
DST_L1HTT_CaloBTagScouting_v,33.340100456513795,0.03334010045651459,274954,284044,,ScoutingCaloCommissioning,2016
DST_CaloJet40_CaloBTagScouting_v,33.340100456513795,0.000314230829167178,274954,284044,,ScoutingCaloCommissioning,2016
DST_L1HTT_CaloScouting_PFScouting_v,35.89455120366069,0.03589455120366142,272760,284044,,ScoutingCaloCommissioning,2016
DST_HT250_CaloBTagScouting_v,33.340100456513795,33.340100456513795,274954,284044,,ScoutingCaloHT,2016
DST_HT250_CaloScouting_v,35.89455120366069,35.89455120366069,272760,284044,,ScoutingCaloHT,2016
DST_ZeroBias_CaloScouting_PFScouting_v,33.340100456513795,1.450760959196573e-05,274954,284044,,ScoutingPFCommissioning,2016
DST_L1DoubleMu_CaloScouting_PFScouting_v,33.340100456513795,0.03334010045651459,274954,284044,,ScoutingPFCommissioning,2016
DST_ZeroBias_BTagScouting_v,35.89764412666069,1.4908245811528062e-05,272760,284044,,ScoutingPFCommissioning,2016
DST_CaloJet40_BTagScouting_v,35.89764412666069,0.00032224355355842756,272760,284044,,ScoutingPFCommissioning,2016
DST_CaloJet40_CaloScouting_PFScouting_v,35.89764412666069,0.00032224355355842756,272760,284044,,ScoutingPFCommissioning,2016
DST_L1DoubleMu_BTagScouting_v,35.89455120366069,0.06711259457245085,272760,284044,,ScoutingPFCommissioning,2016
DST_L1HTT_BTagScouting_v,35.89455120366069,0.03589455120366142,272760,284044,,ScoutingPFCommissioning,2016
DST_ZeroBias_PFScouting_v,2.5575436701469,1.2731075011669373e-07,272760,274443,,ScoutingPFCommissioning,2016
DST_L1HTT_CaloScouting_PFScouting_v,35.89455120366069,0.03589455120366142,272760,284044,,ScoutingPFCommissioning,2016
DST_L1DoubleMu_PFScouting_v,2.5544507471469,0.051089014942938195,272760,274443,,ScoutingPFCommissioning,2016
DST_HT410_PFScouting_v,35.89455120366069,35.89455120366069,272760,284044,,ScoutingPFHT,2016
DST_HT450_PFScouting_v,35.89455120366069,35.89455120366069,272760,284044,,ScoutingPFHT,2016
DST_HT450_BTagScouting_v,35.89455120366069,35.89455120366069,272760,284044,,ScoutingPFHT,2016
DST_HT410_BTagScouting_v,35.89455120366069,35.89455120366069,272760,284044,,ScoutingPFHT,2016
DST_DoubleMu3_Mass10_PFScouting_v,2.5544507471469,2.5544507471469,272760,274443,,ScoutingPFMuons,2016
DST_DoubleMu3_Mass10_BTagScouting_v,35.89455120366069,35.89455120366069,272760,284044,,ScoutingPFMuons,2016
DST_DoubleMu3_Mass10_CaloScouting_PFScouting_v,33.340100456513795,33.340100456513795,274954,284044,,ScoutingPFMuons,2016
HLT_Ele32_eta2p1_WPLoose_Gsf_v,,,281616,281616,,SingleElectron,2016
HLT_Ele27_eta2p1_WPTight_Gsf_v,35.89455120366069,35.89455120366069,272760,284044,,SingleElectron,2016
HLT_Ele105_CaloIdVT_GsfTrkIdT_v,24.146610679066757,24.146610679066757,272760,284044,,SingleElectron,2016
HLT_Ele115_CaloIdVT_GsfTrkIdT_v,35.89455120366069,35.89455120366069,272760,284044,,SingleElectron,2016
HLT_Ele45_CaloIdVT_GsfTrkIdT_PFJet200_PFJet50_v,35.89455120366069,35.89455120366069,272760,284044,,SingleElectron,2016
HLT_Ele23_WPLoose_Gsf_WHbbBoost_v,1.6800737245416002,1.6800737245416002,272760,281616,,SingleElectron,2016
HLT_Ele50_IsoVVVL_PFHT400_v,33.340100456513795,33.340100456513795,274954,284044,,SingleElectron,2016
HLT_Ele15_IsoVVVL_PFHT400_v,33.340100456513795,33.340100456513795,274954,284044,,SingleElectron,2016
HLT_Ele15_IsoVVVL_PFHT400_PFMET50_v,33.340100456513795,33.340100456513795,274954,284044,,SingleElectron,2016
HLT_Ele15_IsoVVVL_BTagCSV_p067_PFHT400_v,35.89455120366069,6.790106263640356,272760,284044,,SingleElectron,2016
HLT_Ele27_eta2p1_WPLoose_Gsf_v,35.89455120366069,27.2183618591796,272760,284044,,SingleElectron,2016
HLT_Ele27_eta2p1_WPLoose_Gsf_v,35.89455120366069,27.2183618591796,272760,284044,,SingleElectron,2016
HLT_Ele27_eta2p1_WPLoose_Gsf_DoubleMediumIsoPFTau40_Trk1_eta2p1_Reg_v,25.235596913796066,25.235596913796066,272760,280385,,SingleElectron,2016
HLT_Ele27_WPLoose_Gsf_WHbbBoost_v,35.89455120366069,35.89455120366069,272760,284044,,SingleElectron,2016
HLT_Ele23_WPLoose_Gsf_v,3.8391122121159014,3.8391122121159014,272760,281616,,SingleElectron,2016
HLT_Ele15_IsoVVVL_PFHT600_v,35.89455120366069,35.89455120366069,272760,284044,,SingleElectron,2016
HLT_Ele30_eta2p1_WPLoose_Gsf_v,,,281616,281616,,SingleElectron,2016
HLT_Ele22_eta2p1_WPLoose_Gsf_v,16.78194978680232,3.98740297994265,272760,284044,,SingleElectron,2016
HLT_Ele50_CaloIdVT_GsfTrkIdT_PFJet140_v,17.95261948321455,17.95261948321455,272760,281616,,SingleElectron,2016
HLT_Ele50_CaloIdVT_GsfTrkIdT_PFJet165_v,35.89455120366069,35.89455120366069,272760,284044,,SingleElectron,2016
HLT_Ele145_CaloIdVT_GsfTrkIdT_v,7.394250257011764,7.394250257011764,281974,284044,,SingleElectron,2016
HLT_Ele32_eta2p1_WPTight_Gsf_v,35.89455120366069,35.89455120366069,272760,284044,,SingleElectron,2016
HLT_Ele35_WPLoose_Gsf_v,20.742140256275487,20.742140256275487,272760,281616,,SingleElectron,2016
HLT_Ele45_WPLoose_Gsf_v,27.183517725265816,27.183517725265816,272760,281616,,SingleElectron,2016
HLT_Ele32_eta2p1_WPLoose_Gsf_LooseIsoPFTau20_SingleL1_v,17.48912994645474,17.48912994645474,272760,278240,,SingleElectron,2016
HLT_Ele27_eta2p1_WPLoose_Gsf_DoubleMediumIsoPFTau32_Trk1_eta2p1_Reg_v,17.48912994645474,17.48912994645474,272760,280385,,SingleElectron,2016
HLT_Ele27_eta2p1_WPLoose_Gsf_LooseIsoPFTau20_SingleL1_v,17.48912994645474,17.48912994645474,272760,278240,,SingleElectron,2016
HLT_Ele27_WPTight_Gsf_v,35.89455120366069,35.89455120366069,272760,284044,,SingleElectron,2016
HLT_Ele27_WPTight_Gsf_v,35.89455120366069,35.89455120366069,272760,284044,,SingleElectron,2016
HLT_Ele25_eta2p1_WPTight_Gsf_v,35.89455120366069,35.89455120366069,272760,284044,,SingleElectron,2016
HLT_Ele25_eta2p1_WPLoose_Gsf_v,20.742140256275487,20.742140256275487,272760,281616,,SingleElectron,2016
HLT_Ele36_eta2p1_WPLoose_Gsf_LooseIsoPFTau20_SingleL1_v,18.405421257205944,18.405421257205944,278273,284044,,SingleElectron,2016
HLT_Ele22_eta2p1_WPLoose_Gsf_LooseIsoPFTau29_v,18.211271872324946,18.211271872324946,278273,284044,,SingleElectron,2016
HLT_Ele20_eta2p1_WPLoose_Gsf_LooseIsoPFTau28_v,16.426017996306182,16.426017996306182,278273,284044,,SingleElectron,2016
HLT_Ele200_CaloIdVT_GsfTrkIdT_v,7.394250257011764,7.394250257011764,281974,284044,,SingleElectron,2016
HLT_Ele24_eta2p1_WPLoose_Gsf_LooseIsoPFTau30_v,23.046100798604943,23.046100798604943,276870,284044,,SingleElectron,2016
HLT_Ele300_CaloIdVT_GsfTrkIdT_v,28.176582645069534,28.176582645069534,276282,284044,,SingleElectron,2016
HLT_Ele250_CaloIdVT_GsfTrkIdT_v,28.176582645069534,28.176582645069534,276282,284044,,SingleElectron,2016
HLT_Ele25_WPTight_Gsf_v,24.885970005698287,24.885970005698287,272760,284044,,SingleElectron,2016
HLT_Ele24_eta2p1_WPLoose_Gsf_LooseIsoPFTau20_SingleL1_v,17.48912994645474,17.48912994645474,272760,278240,,SingleElectron,2016
HLT_Ele24_eta2p1_WPLoose_Gsf_LooseIsoPFTau20_v,16.989539009224984,16.989539009224984,272760,278240,,SingleElectron,2016
HLT_Ele32_WPTight_Gsf_v,8.711033478394866,8.711033478394866,281613,284044,,SingleElectron,2016
HLT_Ele35_CaloIdVT_GsfTrkIdT_PFJet150_PFJet50_v,15.541209134984985,0.13899859534338072,272760,281616,,SingleElectron,2016
HLT_Ele15_IsoVVVL_PFHT350_PFMET50_v,9.438761544091147,9.438761544091147,272760,281616,,SingleElectron,2016
HLT_Ele27_eta2p1_WPLoose_Gsf_DoubleMediumIsoPFTau35_Trk1_eta2p1_Reg_v,27.183517725265816,27.183517725265816,272760,280385,,SingleElectron,2016
HLT_Ele22_eta2p1_WPLoose_Gsf_LooseIsoPFTau20_SingleL1_v,17.48912994645474,17.48912994645474,272760,278240,,SingleElectron,2016
HLT_Ele30_WPTight_Gsf_v,8.711033478394866,8.711033478394866,281613,284044,,SingleElectron,2016
HLT_Ele30_eta2p1_WPTight_Gsf_v,8.711033478394866,8.711033478394866,281613,284044,,SingleElectron,2016
HLT_Ele45_WPLoose_Gsf_L1JetTauSeeded_v,22.55758458763685,22.55758458763685,275319,281616,,SingleElectron,2016
HLT_Ele27_WPLoose_Gsf_v,3.8391122121159014,3.8391122121159014,272760,281616,,SingleElectron,2016
HLT_Ele27_eta2p1_WPLoose_Gsf_HT200_v,35.89455120366069,35.89455120366069,272760,284044,,SingleElectron,2016
HLT_Ele24_eta2p1_WPLoose_Gsf_v,27.183517725265816,4.155254106349458,272760,281616,,SingleElectron,2016
HLT_Ele27_WPTight_Gsf_L1JetTauSeeded_v,31.26861806603172,31.26861806603172,275319,284044,,SingleElectron,2016
HLT_Ele15_IsoVVVL_PFHT350_v,9.438761544091147,9.304193798791147,272760,281616,,SingleElectron,2016
HLT_IsoTkMu22_eta2p1_v,33.340100456513795,33.340100456513795,274954,284044,,SingleMuon,2016
HLT_IsoMu22_eta2p1_v,33.340100456513795,33.340100456513795,274954,284044,,SingleMuon,2016
HLT_L1SingleMu18_v,33.340100456513795,0.00582611631526529,274954,284044,,SingleMuon,2016
HLT_TkMu17_TrkIsoVVL_TkMu8_TrkIsoVVL_v,8.711033478394866,0.38845667524512373,281613,284044,,SingleMuon,2016
HLT_Mu15_IsoVVVL_PFHT600_v,35.89455120366069,35.89455120366069,272760,284044,,SingleMuon,2016
HLT_Mu10_TrkIsoVVL_DiPFJet40_DEta3p5_MJJ750_HTT350_PFMETNoMu60_v,35.89455120366069,35.89455120366069,272760,284044,,SingleMuon,2016
HLT_L1SingleMuOpen_v,0,0,271036,281616,,SingleMuon,2016
HLT_TkMu17_TrkIsoVVL_TkMu8_TrkIsoVVL_DZ_v,8.711033478394866,8.711033478394866,281613,284044,,SingleMuon,2016
HLT_Mu8_TrkIsoVVL_DiPFJet40_DEta3p5_MJJ750_HTT300_PFMETNoMu60_v,33.340100456513795,33.340100456513795,274954,284044,,SingleMuon,2016
HLT_Mu15_IsoVVVL_PFHT400_PFMET50_v,33.340100456513795,33.340100456513795,274954,284044,,SingleMuon,2016
HLT_Mu15_IsoVVVL_PFHT400_v,33.340100456513795,33.340100456513795,274954,284044,,SingleMuon,2016
HLT_Mu50_IsoVVVL_PFHT400_v,33.340100456513795,33.340100456513795,274954,284044,,SingleMuon,2016
HLT_TkMu17_v,8.711033478394866,0.004406996405853906,281613,284044,,SingleMuon,2016
HLT_IsoMu21_eta2p1_LooseIsoPFTau50_Trk30_eta2p1_SingleL1_v,23.046100798604943,23.046100798604943,276870,284044,,SingleMuon,2016
HLT_TkMu50_v,33.340100456513795,33.340100456513795,274954,284044,,SingleMuon,2016
HLT_IsoTkMu22_v,28.489631407720292,28.489631407720292,272760,284044,,SingleMuon,2016
HLT_IsoTkMu27_v,35.89455120366069,35.89455120366069,272760,284044,,SingleMuon,2016
HLT_IsoMu19_eta2p1_MediumIsoPFTau32_Trk1_eta2p1_Reg_v,35.89455120366069,35.89455120366069,272760,284044,,SingleMuon,2016
HLT_IsoMu19_eta2p1_LooseIsoPFTau20_v,35.89455120366069,35.89455120366069,272760,284044,,SingleMuon,2016
HLT_IsoMu19_eta2p1_LooseIsoPFTau20_SingleL1_v,35.89455120366069,35.89455120366069,272760,284044,,SingleMuon,2016
HLT_Mu28NoFiltersNoVtx_CentralCaloJet40_v,35.89455120366069,0.10946600114988947,272760,284044,,SingleMuon,2016
HLT_IsoMu21_eta2p1_LooseIsoPFTau20_SingleL1_v,35.89455120366069,35.89455120366069,272760,284044,,SingleMuon,2016
HLT_IsoMu21_eta2p1_MediumIsoPFTau32_Trk1_eta2p1_Reg_v,35.89455120366069,35.89455120366069,272760,284044,,SingleMuon,2016
HLT_Mu300_v,35.89455120366069,35.89455120366069,272760,284044,,SingleMuon,2016
HLT_Mu350_v,35.89455120366069,35.89455120366069,272760,284044,,SingleMuon,2016
HLT_IsoMu24_v,35.89455120366069,35.89455120366069,272760,284044,,SingleMuon,2016
HLT_Mu40_eta2p1_PFJet200_PFJet50_v,35.89455120366069,35.89455120366069,272760,284044,,SingleMuon,2016
HLT_Mu20_v,35.89455120366069,0.12942129114621956,272760,284044,,SingleMuon,2016
HLT_TkMu20_v,35.89455120366069,0.08696573754837393,272760,284044,,SingleMuon,2016
HLT_DoubleIsoMu17_eta2p1_noDzCut_v,35.89455120366069,35.89455120366069,272760,284044,,SingleMuon,2016
HLT_Mu24_eta2p1_v,35.89455120366069,0.1674052542904496,272760,284044,,SingleMuon,2016
HLT_Mu27_v,35.89455120366069,0.24419792605046406,272760,284044,,SingleMuon,2016
HLT_TkMu27_v,35.89455120366069,0.24419792605046406,272760,284044,,SingleMuon,2016
HLT_Mu50_v,35.89455120366069,35.89455120366069,272760,284044,,SingleMuon,2016
HLT_Mu55_v,35.89455120366069,35.89455120366069,272760,284044,,SingleMuon,2016
HLT_Mu45_eta2p1_v,24.146610679066757,24.146610679066757,272760,284044,,SingleMuon,2016
HLT_Mu33NoFiltersNoVtxDisplaced_DisplacedJet50_Tight_v,9.16417654489115,9.16417654489115,272760,281616,,SingleMuon,2016
HLT_Mu33NoFiltersNoVtxDisplaced_DisplacedJet50_Loose_v,9.16417654489115,9.16417654489115,272760,281616,,SingleMuon,2016
HLT_Mu28NoFiltersNoVtx_DisplacedJet40_Loose_v,35.89455120366069,0.45850736705300527,272760,284044,,SingleMuon,2016
HLT_Mu38NoFiltersNoVtxDisplaced_DisplacedJet60_Tight_v,35.89455120366069,35.89455120366069,272760,284044,,SingleMuon,2016
HLT_Mu38NoFiltersNoVtxDisplaced_DisplacedJet60_Loose_v,35.89455120366069,35.89455120366069,272760,284044,,SingleMuon,2016
HLT_IsoMu24_v,35.89455120366069,35.89455120366069,272760,284044,,SingleMuon,2016
HLT_TkMu24_eta2p1_v,35.89455120366069,0.16766059816693335,272760,284044,,SingleMuon,2016
HLT_IsoTkMu24_v,35.89455120366069,35.89455120366069,272760,284044,,SingleMuon,2016
HLT_Mu15_IsoVVVL_BTagCSV_p067_PFHT400_v,35.89455120366069,6.790106263640356,272760,284044,,SingleMuon,2016
HLT_L2Mu10_v,35.89455120366069,0.021786006681343794,272760,284044,,SingleMuon,2016
HLT_Mu30_eta2p1_PFJet150_PFJet50_v,24.885970005698287,24.885970005698287,272760,284044,,SingleMuon,2016
HLT_Mu16_eta2p1_MET30_v,16.989539009224984,0.23049879451951563,272760,281616,,SingleMuon,2016
HLT_IsoMu16_eta2p1_MET30_v,28.489631407720292,28.489631407720292,272760,284044,,SingleMuon,2016
HLT_IsoMu17_eta2p1_LooseIsoPFTau20_v,12.796109782254307,12.796109782254307,272760,281616,,SingleMuon,2016
HLT_IsoMu17_eta2p1_LooseIsoPFTau20_SingleL1_v,13.124792733154308,12.799396611763303,272760,281616,,SingleMuon,2016
HLT_DoubleIsoMu17_eta2p1_v,27.183517725265816,27.183517725265816,272760,281616,,SingleMuon,2016
HLT_IsoMu20_v,24.885970005698287,9.331810509346852,272760,284044,,SingleMuon,2016
HLT_IsoMu16_eta2p1_MET30_LooseIsoPFTau50_Trk30_eta2p1_v,28.489631407720292,28.489631407720292,272760,284044,,SingleMuon,2016
HLT_IsoMu18_v,4.241175395115903,2.3867887034888993,272760,281616,,SingleMuon,2016
HLT_IsoMu22_v,28.489631407720292,28.489631407720292,272760,284044,,SingleMuon,2016
HLT_IsoMu24_eta2p1_v,7.794607107011765,7.794607107011765,281797,284044,,SingleMuon,2016
HLT_IsoMu24_eta2p1_v,7.794607107011765,7.794607107011765,281797,284044,,SingleMuon,2016
HLT_IsoMu27_v,35.89455120366069,35.89455120366069,272760,284044,,SingleMuon,2016
HLT_IsoTkMu20_v,24.885970005698287,9.331810509346852,272760,284044,,SingleMuon,2016
HLT_IsoTkMu24_eta2p1_v,7.794607107011765,7.794607107011765,281797,284044,,SingleMuon,2016
HLT_IsoTkMu18_v,4.241175395115903,2.3867887034888993,272760,281616,,SingleMuon,2016
HLT_Mu15_IsoVVVL_PFHT350_PFMET50_v,9.438761544091147,9.438761544091147,272760,281616,,SingleMuon,2016
HLT_L1SingleMu16_v,2.1216631551469,0.0001816644691316672,272760,274443,,SingleMuon,2016
HLT_Mu15_IsoVVVL_PFHT350_v,9.438761544091147,9.304193798791147,272760,281616,,SingleMuon,2016
HLT_Mu38NoFiltersNoVtx_DisplacedJet60_Loose_v,35.89455120366069,35.89455120366069,272760,284044,,SingleMuon,2016
HLT_Photon36_R9Id90_HE10_Iso40_EBOnly_PFMET40_v,30.713277626842054,6.24623691627317,272760,284044,,SinglePhoton,2016
HLT_Photon250_NoHE_v,35.89455120366069,35.89455120366069,272760,284044,,SinglePhoton,2016
HLT_Photon75_R9Id90_HE10_IsoM_v,35.89455120366069,2.533283351557126,272760,284044,,SinglePhoton,2016
HLT_Photon50_R9Id90_HE10_IsoM_v,35.89455120366069,0.4890111839484557,272760,284044,,SinglePhoton,2016
HLT_Photon36_R9Id90_HE10_IsoM_v,35.89455120366069,0.21585849826027043,272760,284044,,SinglePhoton,2016
HLT_Photon300_NoHE_v,35.89455120366069,35.89455120366069,272760,284044,,SinglePhoton,2016
HLT_Photon75_v,35.89455120366069,0.1281618327813965,272760,284044,,SinglePhoton,2016
HLT_Photon22_R9Id90_HE10_Iso40_EBOnly_VBF_v,35.89455120366069,0.03169344525651425,272760,284044,,SinglePhoton,2016
HLT_Photon22_R9Id90_HE10_Iso40_EBOnly_PFMET40_v,35.89455120366069,0.028365837610896637,272760,284044,,SinglePhoton,2016
HLT_Photon135_PFMET100_v,35.89455120366069,35.89455120366069,272760,284044,,SinglePhoton,2016
HLT_Photon90_R9Id90_HE10_IsoM_v,35.89455120366069,5.10276351774527,272760,284044,,SinglePhoton,2016
HLT_Photon120_R9Id90_HE10_IsoM_v,35.89455120366069,14.364792698042079,272760,284044,,SinglePhoton,2016
HLT_Photon165_R9Id90_HE10_IsoM_v,35.89455120366069,35.89455120366069,272760,284044,,SinglePhoton,2016
HLT_Photon36_R9Id90_HE10_Iso40_EBOnly_VBF_v,34.80932377143094,6.599593048093543,272760,284044,,SinglePhoton,2016
HLT_Photon50_R9Id90_HE10_Iso40_EBOnly_PFMET40_v,35.89455120366069,10.926735761111884,272760,284044,,SinglePhoton,2016
HLT_Photon50_R9Id90_HE10_Iso40_EBOnly_VBF_v,35.89455120366069,17.683419306221104,272760,284044,,SinglePhoton,2016
HLT_Photon90_CaloIdL_PFHT600_v,35.89455120366069,35.89455120366069,272760,284044,,SinglePhoton,2016
HLT_Photon175_v,35.89455120366069,35.89455120366069,272760,284044,,SinglePhoton,2016
HLT_Photon600_v,35.89455120366069,35.89455120366069,272760,284044,,SinglePhoton,2016
HLT_Photon500_v,35.89455120366069,35.89455120366069,272760,284044,,SinglePhoton,2016
HLT_Photon165_HE10_v,35.89455120366069,35.89455120366069,272760,284044,,SinglePhoton,2016
HLT_Photon22_v,35.89455120366069,0.001522807042465479,272760,284044,,SinglePhoton,2016
HLT_Photon90_CaloIdL_PFHT500_v,17.48912994645474,17.48912994645474,272760,278240,,SinglePhoton,2016
HLT_Photon175_v,35.89455120366069,35.89455120366069,272760,284044,,SinglePhoton,2016
HLT_Photon120_v,35.89455120366069,0.5237477076247421,272760,284044,,SinglePhoton,2016
HLT_Photon30_v,35.89455120366069,0.006401405670132796,272760,284044,,SinglePhoton,2016
HLT_Photon90_v,35.89455120366069,0.256323665562793,272760,284044,,SinglePhoton,2016
HLT_Photon120_R9Id90_HE10_Iso40_EBOnly_PFMET40_v,35.89455120366069,35.89455120366069,272760,284044,,SinglePhoton,2016
HLT_Photon90_R9Id90_HE10_Iso40_EBOnly_VBF_v,35.89455120366069,30.04037721436279,272760,284044,,SinglePhoton,2016
HLT_Photon36_v,35.89455120366069,0.012819456134797413,272760,284044,,SinglePhoton,2016
HLT_Photon90_R9Id90_HE10_Iso40_EBOnly_PFMET40_v,35.89455120366069,28.380555376527273,272760,284044,,SinglePhoton,2016
HLT_Photon75_R9Id90_HE10_Iso40_EBOnly_VBF_v,35.89455120366069,28.380555376527273,272760,284044,,SinglePhoton,2016
HLT_Photon50_v,35.89455120366069,0.025647096792995296,272760,284044,,SinglePhoton,2016
HLT_Photon30_R9Id90_HE10_IsoM_v,35.89455120366069,0.09598422080769063,272760,284044,,SinglePhoton,2016
HLT_Photon75_R9Id90_HE10_Iso40_EBOnly_PFMET40_v,35.89455120366069,21.354291958139992,272760,284044,,SinglePhoton,2016
HLT_Photon120_R9Id90_HE10_Iso40_EBOnly_VBF_v,35.89455120366069,35.89455120366069,272760,284044,,SinglePhoton,2016
HLT_Photon22_R9Id90_HE10_IsoM_v,35.89455120366069,0.018809658807192237,272760,284044,,SinglePhoton,2016
HLT_IsoMu19_eta2p1_TightCombinedIsoPFTau32_Trk1_eta2p1_Reg_v,8.711033478394866,8.711033478394866,281613,284044,,Tau,2016
HLT_DoubleMediumIsoPFTau40_Trk1_eta2p1_Reg_v,27.183517725265816,27.183517725265816,272760,280385,,Tau,2016
HLT_IsoMu19_eta2p1_LooseCombinedIsoPFTau20_v,8.711033478394866,8.711033478394866,281613,284044,,Tau,2016
HLT_IsoMu19_eta2p1_MediumCombinedIsoPFTau32_Trk1_eta2p1_Reg_v,8.711033478394866,8.711033478394866,281613,284044,,Tau,2016
HLT_DoubleTightCombinedIsoPFTau35_Trk1_eta2p1_Reg_v,8.711033478394866,8.711033478394866,281613,284044,,Tau,2016
HLT_IsoMu21_eta2p1_TightCombinedIsoPFTau32_Trk1_eta2p1_Reg_v,8.711033478394866,8.711033478394866,281613,284044,,Tau,2016
HLT_PFTau140_eta2p1_v,8.711033478394866,0.005496381812161991,281613,284044,,Tau,2016
HLT_DoubleMediumIsoPFTau35_Trk1_eta2p1_Reg_v,27.183517725265816,27.183517725265816,272760,280385,,Tau,2016
HLT_DoubleMediumIsoPFTau32_Trk1_eta2p1_Reg_v,17.48912994645474,17.48912994645474,272760,278240,,Tau,2016
HLT_VLooseIsoPFTau140_Trk50_eta2p1_v,33.250897729513795,33.250897729513795,274954,284044,,Tau,2016
HLT_VLooseIsoPFTau120_Trk50_eta2p1_v,29.123056910924916,29.123056910924916,274954,284044,,Tau,2016
HLT_PFTau120_eta2p1_v,29.123056910924916,0.0213337490879452,274954,284044,,Tau,2016
HLT_IsoMu21_eta2p1_MediumCombinedIsoPFTau32_Trk1_eta2p1_Reg_v,8.711033478394866,8.711033478394866,281613,284044,,Tau,2016
HLT_DoubleTightCombinedIsoPFTau40_Trk1_eta2p1_v,8.711033478394866,8.711033478394866,281613,284044,,Tau,2016
HLT_LooseIsoPFTau50_Trk30_eta2p1_MET110_v,35.89455120366069,35.89455120366069,272760,284044,,Tau,2016
HLT_DoubleTightCombinedIsoPFTau40_Trk1_eta2p1_Reg_v,8.711033478394866,8.711033478394866,281613,284044,,Tau,2016
HLT_DoubleMediumCombinedIsoPFTau40_Trk1_eta2p1_Reg_v,8.711033478394866,8.711033478394866,281613,284044,,Tau,2016
HLT_DoubleMediumCombinedIsoPFTau35_Trk1_eta2p1_Reg_v,8.711033478394866,8.711033478394866,281613,284044,,Tau,2016
HLT_LooseIsoPFTau50_Trk30_eta2p1_MET90_v,35.89455120366069,35.89455120366069,272760,284044,,Tau,2016
HLT_LooseIsoPFTau50_Trk30_eta2p1_v,35.89455120366069,1.29921553940534,272760,284044,,Tau,2016
HLT_LooseIsoPFTau50_Trk30_eta2p1_MET80_v,8.771924532991148,8.771924532991148,272760,281616,,Tau,2016
HLT_LooseIsoPFTau50_Trk30_eta2p1_MET120_v,35.89455120366069,35.89455120366069,272760,284044,,Tau,2016
HLT_DoubleMediumCombinedIsoPFTau40_Trk1_eta2p1_v,8.711033478394866,8.711033478394866,281613,284044,,Tau,2016
HLT_Random_v,35.89764412666069,0.3641020936139353,271036,284044,,ZeroBias,2016
HLT_ZeroBias_FirstCollisionAfterAbortGap_TCDS_v,24.629066978118928,2.4629066978118876,274954,280385,,ZeroBias,2016
HLT_ZeroBias_FirstCollisionAfterAbortGap_v,24.172421078943024,0.022021044993114886,274954,284044,,ZeroBias,2016
HLT_ZeroBias_IsolatedBunches_v,35.89455120366069,0.0495680649281225,272760,284044,,ZeroBias,2016
HLT_ZeroBias_v,35.89764412666069,2.830149469604367e-05,271036,284044,,ZeroBias,2016
HLT_ZeroBias_FirstCollisionAfterAbortGap_copy_v,5.7759483678148085,0.005250862152558918,276452,284044,,ZeroBias,2016
HLT_ZeroBias_FirstCollisionInTrain_v,3.4226148006647996,0.00013527587054522778,278957,284044,,ZeroBias,2016
HLT_ZeroBias_FirstBXAfterTrain_v,3.4226148006647996,0.00013527587054522778,278957,284044,,ZeroBias,2016
HLT_ZeroBias_part0_v,7.765273046825198,4.737166299734425e-05,271036,284044,,ZeroBias1,2016
HLT_ZeroBias_part0_v,7.765273046825198,4.737166299734425e-05,271036,284044,,ZeroBias1,2016
HLT_ZeroBias_part1_v,7.765273046825198,4.69573447980012e-05,271036,284044,,ZeroBias2,2016
HLT_ZeroBias_part2_v,7.765273046825198,4.69573447980012e-05,271036,284044,,ZeroBias3,2016
HLT_ZeroBias_part3_v,7.765273046825198,4.69573447980012e-05,271036,284044,,ZeroBias4,2016
HLT_ZeroBias_part4_v,5.529936859270531,2.5385229000906645e-05,271036,284044,,ZeroBias5,2016
HLT_ZeroBias_part5_v,3.12230472235954,1.6989205096152226e-05,271036,284044,,ZeroBias6,2016
HLT_ZeroBias_part6_v,3.12230472235954,1.6989205096152226e-05,271036,284044,,ZeroBias7,2016
HLT_ZeroBias_part7_v,3.12230472235954,1.6989205096152226e-05,271036,284044,,ZeroBias8,2016
HLT_ZeroBias_FirstBXAfterTrain_v,3.4226148006647996,0.00013527587054522778,278957,284044,,ZeroBiasFirstBunchAfterTrain,2016
HLT_ZeroBias_FirstBXAfterTrain_copy_v,0,0,278820,278923,,ZeroBiasFirstBunchAfterTrain,2016
HLT_ZeroBias_FirstCollisionInTrain_v,3.4226148006647996,0.00013527587054522778,278957,284044,,ZeroBiasFirstBunchInTrain,2016
HLT_ZeroBias_FirstCollisionInTrain_BRIL_v,0.7809182723999999,0.0007118671580674568,278820,278923,,ZeroBiasFirstBunchInTrain,2016
